Workbook

Sheet 原始曲线
A1: Training round | B1: Clean BC success rate | C1: DVAC success rate | D1: RLT Clean4 success rate | E1: RLT τ2 success rate | F1: RLT Clean8 success rate
A2: 1 | B2: 0.25 | C2: 0.25 | D2: 0 | E2: 0 | F2: 0.125
A3: 2 | B3: 0.75 | C3: 0.5 | D3: 0.75 | E3: 0.25 | F3: 0.5
A4: 3 | B4: 0.5 | C4: 0.75 | D4: 0.5 | E4: 0.5 | F4: 0.25
A5: 4 | B5: 0.5 | C5: 0.5 | D5: 0 | E5: 0.25 | F5: 0.5
A6: 5 | B6: 0.5 | C6: 0.75 | D6: 0.25 | E6: 0.25 | F6: 0.25
A7: 6 | B7: 0 | C7: 0.25 | D7: 0.25 | E7: 0 | F7: 0.125
A8: 7 | B8: 0.25 | C8: 0.75 | D8: 0.25 | E8: 0.25 | F8: 0.125
A9: 8 | B9: 0.25 | C9: 0.5 | D9: 0 | E9: 0.5 | F9: 0.25
A10: 9 | B10: 0.75 | C10: 0.75 | D10: 0.5 | E10: 0.25 | F10: 0.25
A11: 10 | B11: 0.75 | C11: 0.75 | D11: 0 | E11: 0 | F11: 0.25
A12: 11 | B12: 0.25 | C12: 0.5 | D12: 0 | E12: 0.25 | F12: 0
A13: 12 | B13: 0.5 | C13: 0.75 | D13: 0.25 | E13: 0 | F13: 0.25
... A175: 174 | B175: 0.5 | C175: 1 | D175: 0.25 | E175: 0.5 | F175: 0.5
A176: 175 | B176: 0.5 | D176: 0 | E176: 0 | F176: 0.375
A177: 176 | D177: 0 | E177: 0 | F177: 0.25
A178: 177 | D178: 0.25 | E178: 0.5 | F178: 0.625
A179: 178 | D179: 0.5 | E179: 0.5 | F179: 0.125
A180: 179 | D180: 0.5 | E180: 0.5 | F180: 0.875
A181: 180 | D181: 0.75 | E181: 0.5 | F181: 0.875
A182: 181 | D182: 0 | E182: 0 | F182: 0.5
A183: 182 | D183: 0.25 | E183: 0.75 | F183: 0.625
A184: 183 | D184: 0.25 | E184: 0.5 | F184: 0.625
A185: 184 | D185: 0.25 | E185: 0.5 | F185: 0.75
A186: 185 | D186: 0.5 | E186: 0.5 | F186: 0.875
A187: 186 | D187: 0.5 | E187: 0.75 | F187: 0.75
A188: 187 | D188: 0.25 | E188: 0.5 | F188: 0.75
... A473: 472 | D473: 0.75 | E473: 1 | F473: 1
A474: 473 | D474: 1 | E474: 1
A475: 474 | D475: 0.75 | E475: 0.5
A476: 475 | D476: 1 | E476: 0.75
A477: 476 | D477: 0.75 | E477: 1
A478: 477 | D478: 0.75 | E478: 0.75
A479: 478 | D479: 1 | E479: 0.75
A480: 479 | D480: 1 | E480: 1
A481: 480 | D481: 0.75 | E481: 1
A482: 481 | D482: 0.75 | E482: 1
A483: 482 | D483: 1 | E483: 1
A484: 483 | D484: 1 | E484: 1
A485: 484 | D485: 1 | E485: 1
... A696: 695 | D696: 0.75 | E696: 1
A697: 696 | D697: 1
A698: 697 | D698: 1
A699: 698 | D699: 0.75
A700: 699 | D700: 0.75
A701: 700 | D701: 1
A702: 701 | D702: 1
A703: 702 | D703: 1
A704: 703 | D704: 1
A705: 704 | D705: 1
A706: 705 | D706: 1
A707: 706 | D707: 1
A708: 707 | D708: 1
... A801: 800 | D801: 1

Sheet 来源
A1: 字段 | B1: Clean BC | C1: DVAC | D1: RLT Clean4 success rate | E1: RLT τ2 success rate | F1: RLT Clean8 success rate
A2: 模型 | B2: π0.5 Sidney RoboTwin | C2: π0.5 Sidney RoboTwin | D2: π0 RoboTwin + RLT | E2: π0 RoboTwin + RLT | F2: π0 RoboTwin + RLT
A3: 任务 | B3: move_pillbottle_pad | C3: move_pillbottle_pad | D3: adjust_bottle | E3: adjust_bottle | F3: adjust_bottle
A4: 实验设置 | B4: 4 rollouts / round; U5 | C4: 4 rollouts / round; U5 | D4: 4 rollouts / round | E4: 4 rollouts / round | F4: 8 rollouts / round
A5: 数据指标 | B5: env/success_once | C5: env/success_once | D5: env/success_once | E5: env/success_once | F5: env/success_once
A6: 单位 | B6: 成功率，单元格存储为 0–1 | C6: 成功率，单元格存储为 0–1 | D6: 成功率，单元格存储为 0–1 | E6: 成功率，单元格存储为 0–1 | F6: 成功率，单元格存储为 0–1
A7: 横轴 | B7: 完成训练轮次（Training round） | C7: 完成训练轮次（Training round） | D7: 完成训练轮次（Training round） | E7: 完成训练轮次（Training round） | F7: 完成训练轮次（Training round）
A8: 完整原始范围 | B8: R1–175 | C8: R1–174 | D8: R1–800 | E8: R1–695 | F8: R1–472
A9: 原始观测数 | B9: 175 | C9: 174 | D9: 800 | E9: 695 | F9: 472
A10: TensorBoard 范围 | B10: R1–174，共 174 个点 | C10: R1–174，共 174 个点 | D10: R1–800，共 800 个点 | E10: R1–695，共 695 个点 | F10: R1–472，共 472 个点
A11: 日志补充 | B11: R175 = 50%，取自 Environment success_once | C11: R175 留空，已记录至 R174 | D11: 旧段 R1–525 + 续训 R526–800 | E11: 逐轮 TensorBoard 原值 | F11: 旧段 R1–350 + 续训 R351–472
A12: 原始数据文件 | B12: live_snapshot.json；clean_resume_metrics.log | C12: live_snapshot.json；new_resume_metrics.log | D12: remote_curves.json | E12: remote_curves.json | F12: remote_curves.json + remote_clean8_old.json
A13: 本地来源目录 | B13: drawio/资料/2026-09-12/bc/ | C13: drawio/资料/2026-09-12/bc/ | D13: 本轮曲线来源归档 | E13: 本轮曲线来源归档 | F13: 本轮曲线来源归档
A14: 来源快照时间 | B14: 46277.323 | C14: 46277.323 | D14: 2026-09-17T13:04:00.216418 UTC | E14: 2026-09-17T13:04:00.216418 UTC | F14: 2026-09-17T13:04:00.216418 UTC
A15: 原始实验 | B15: pi05-pillbottle-bc4x1-b1024-u5-m10-seed42-eval8x4-gpu6-formal100-20260908-v1 | C15: pi05-bc-dvac-new-4u5-len3-a1x1-gpu6-formal100-20260908-v1 | D15: current-single-gpu-clean-half4env-fresh600-phys7-20260914-v1 | E15: current-single-gpu-dvac-exp-t2-half4env-fresh800-phys7-20260916-v1 | F15: current-single-gpu-control-phys6-fresh600-20260912-v1
A16: 续训实验 | B16: pi05-bc-clean-4u5-gpu6-resume100to200-20260911-v1 | C16: pi05-bc-new-4u5-gpu7-resume100to200-20260911-v1 | D16: current-single-gpu-clean-half4env-resume525to800-phys6-20260917-v1 | E16: 无续训 | F16: current-single-gpu-clean-resume350to600-phys7-20260914-v1
A17: 绘图显示 | B17: R1–130；MA30，min_periods=1 | C17: R1–130；MA30，min_periods=1 | D17: 学生开始 R154；训练轮次图 MA30；采样数图固定 120 条轨迹窗口 | E17: 学生开始 R153；训练轮次图 MA30；采样数图固定 120 条轨迹窗口 | F17: 学生开始 R155；训练轮次图 MA30；采样数图固定 120 条轨迹窗口
A18: 原始表处理 | B18: 保留每轮原值 | C18: 保留每轮原值 | D18: 保留全部原始轮次；只在绘图时裁掉学生执行前阶段 | E18: 保留全部原始轮次；只在绘图时裁掉学生执行前阶段 | F18: 保留全部原始轮次；只在绘图时裁掉学生执行前阶段
A19: 续训边界 | B19: R101 接续；采集随机流和环境游标重置 | C19: R101 接续；采集随机流和环境游标重置 | D19: R525 续训；旧分叉尾部舍弃 | E19: 从头训练 | F19: R350 续训；旧分叉尾部舍弃
A20: 过滤或加权设置 | B20: 关闭 | C20: ≤3 chunks | D20: DVCA 关闭 | E20: DVCA τ=2 | F20: DVCA 关闭
A21: 快照 SHA-256 | B21: 2d336ce6c0877e5f158ef848287f4ec106db02e30ada20720440ea16dfca69ab | C21: 2d336ce6c0877e5f158ef848287f4ec106db02e30ada20720440ea16dfca69ab | D21: ce43e2ccddc5672ab3b2fb1761f1114f484c6e87f89c4033bb77937c3e5f3197 | E21: ce43e2ccddc5672ab3b2fb1761f1114f484c6e87f89c4033bb77937c3e5f3197 | F21: a7eec527a642313321643c9146c73611b132410ebe68ce3bb5e1511ae69e6f2d
A22: 续训日志 / 数据依据 | B22: 81eeafca818bb621194278f91175c2c9d4eb858f7c591a5cf01f129922c62ccd | C22: b2a07202beea03512a3a1cd74b672f112b37c542c0db25c3c4fcc029a5fbd398 | D22: TensorBoard 原始标量；step+1 对应训练轮次 | E22: TensorBoard 原始标量；step+1 对应训练轮次 | F22: TensorBoard 原始标量；step+1 对应训练轮次

Sheet π0.5 RLT 0920
A1: Global Round | B1: Clean Success | C1: DVCA Success | D1: Clean Student Step | E1: DVCA Student Step | F1: Clean MA5 | G1: DVCA MA5 | H1: Clean MA10 | I1: DVCA MA10 | J1: Clean MA15 | K1: DVCA MA15 | L1: Clean MA20 | M1: DVCA MA20 | N1: Clean MA25 | O1: DVCA MA25 | P1: Clean MA30 | Q1: DVCA MA30 | R1: Clean MA40 | S1: DVCA MA40 | T1: Clean MA50 | U1: DVCA MA50 | W1: Source | X1: Value
A2: 1 | B2: 0 | C2: 0.25 | D2: =IF(A2>=$X$2,A2-$X$2+1,"") | E2: =IF(A2>=$X$3,A2-$X$3+1,"") | F2: =AVERAGE(B2:B2) -> 0 | G2: =AVERAGE(C2:C2) -> 0.25 | H2: =AVERAGE(B2:B2) -> 0 | I2: =AVERAGE(C2:C2) -> 0.25 | J2: =AVERAGE(B2:B2) -> 0 | K2: =AVERAGE(C2:C2) -> 0.25 | L2: =AVERAGE(B2:B2) -> 0 | M2: =AVERAGE(C2:C2) -> 0.25 | N2: =AVERAGE(B2:B2) -> 0 | O2: =AVERAGE(C2:C2) -> 0.25 | P2: =AVERAGE(B2:B2) -> 0 | Q2: =AVERAGE(C2:C2) -> 0.25 | R2: =AVERAGE(B2:B2) -> 0 | S2: =AVERAGE(C2:C2) -> 0.25 | T2: =AVERAGE(B2:B2) -> 0 | U2: =AVERAGE(C2:C2) -> 0.25 | W2: Clean start | X2: 145
A3: 2 | B3: 0 | C3: 0 | D3: =IF(A3>=$X$2,A3-$X$2+1,"") | E3: =IF(A3>=$X$3,A3-$X$3+1,"") | F3: =AVERAGE(B2:B3) -> 0 | G3: =AVERAGE(C2:C3) -> 0.125 | H3: =AVERAGE(B2:B3) -> 0 | I3: =AVERAGE(C2:C3) -> 0.125 | J3: =AVERAGE(B2:B3) -> 0 | K3: =AVERAGE(C2:C3) -> 0.125 | L3: =AVERAGE(B2:B3) -> 0 | M3: =AVERAGE(C2:C3) -> 0.125 | N3: =AVERAGE(B2:B3) -> 0 | O3: =AVERAGE(C2:C3) -> 0.125 | P3: =AVERAGE(B2:B3) -> 0 | Q3: =AVERAGE(C2:C3) -> 0.125 | R3: =AVERAGE(B2:B3) -> 0 | S3: =AVERAGE(C2:C3) -> 0.125 | T3: =AVERAGE(B2:B3) -> 0 | U3: =AVERAGE(C2:C3) -> 0.125 | W3: DVCA start | X3: 146
A4: 3 | B4: 0.25 | C4: 0 | D4: =IF(A4>=$X$2,A4-$X$2+1,"") | E4: =IF(A4>=$X$3,A4-$X$3+1,"") | F4: =AVERAGE(B2:B4) -> 0.083333333 | G4: =AVERAGE(C2:C4) -> 0.083333333 | H4: =AVERAGE(B2:B4) -> 0.083333333 | I4: =AVERAGE(C2:C4) -> 0.083333333 | J4: =AVERAGE(B2:B4) -> 0.083333333 | K4: =AVERAGE(C2:C4) -> 0.083333333 | L4: =AVERAGE(B2:B4) -> 0.083333333 | M4: =AVERAGE(C2:C4) -> 0.083333333 | N4: =AVERAGE(B2:B4) -> 0.083333333 | O4: =AVERAGE(C2:C4) -> 0.083333333 | P4: =AVERAGE(B2:B4) -> 0.083333333 | Q4: =AVERAGE(C2:C4) -> 0.083333333 | R4: =AVERAGE(B2:B4) -> 0.083333333 | S4: =AVERAGE(C2:C4) -> 0.083333333 | T4: =AVERAGE(B2:B4) -> 0.083333333 | U4: =AVERAGE(C2:C4) -> 0.083333333 | W4: Episodes / round | X4: 4
A5: 4 | B5: 0 | C5: 0.25 | D5: =IF(A5>=$X$2,A5-$X$2+1,"") | E5: =IF(A5>=$X$3,A5-$X$3+1,"") | F5: =AVERAGE(B2:B5) -> 0.0625 | G5: =AVERAGE(C2:C5) -> 0.125 | H5: =AVERAGE(B2:B5) -> 0.0625 | I5: =AVERAGE(C2:C5) -> 0.125 | J5: =AVERAGE(B2:B5) -> 0.0625 | K5: =AVERAGE(C2:C5) -> 0.125 | L5: =AVERAGE(B2:B5) -> 0.0625 | M5: =AVERAGE(C2:C5) -> 0.125 | N5: =AVERAGE(B2:B5) -> 0.0625 | O5: =AVERAGE(C2:C5) -> 0.125 | P5: =AVERAGE(B2:B5) -> 0.0625 | Q5: =AVERAGE(C2:C5) -> 0.125 | R5: =AVERAGE(B2:B5) -> 0.0625 | S5: =AVERAGE(C2:C5) -> 0.125 | T5: =AVERAGE(B2:B5) -> 0.0625 | U5: =AVERAGE(C2:C5) -> 0.125 | W5: Retrieved | X5: 2026-09-20T08:12:11.889291
A6: 5 | B6: 0 | C6: 0 | D6: =IF(A6>=$X$2,A6-$X$2+1,"") | E6: =IF(A6>=$X$3,A6-$X$3+1,"") | F6: =AVERAGE(B2:B6) -> 0.05 | G6: =AVERAGE(C2:C6) -> 0.1 | H6: =AVERAGE(B2:B6) -> 0.05 | I6: =AVERAGE(C2:C6) -> 0.1 | J6: =AVERAGE(B2:B6) -> 0.05 | K6: =AVERAGE(C2:C6) -> 0.1 | L6: =AVERAGE(B2:B6) -> 0.05 | M6: =AVERAGE(C2:C6) -> 0.1 | N6: =AVERAGE(B2:B6) -> 0.05 | O6: =AVERAGE(C2:C6) -> 0.1 | P6: =AVERAGE(B2:B6) -> 0.05 | Q6: =AVERAGE(C2:C6) -> 0.1 | R6: =AVERAGE(B2:B6) -> 0.05 | S6: =AVERAGE(C2:C6) -> 0.1 | T6: =AVERAGE(B2:B6) -> 0.05 | U6: =AVERAGE(C2:C6) -> 0.1 | W6: Clean source | X6: /data/chenyiteng/results/rlinf-rlt/pi05-rlt-clean-clean4-800-20260919-v1
A7: 6 | B7: 0 | C7: 0 | D7: =IF(A7>=$X$2,A7-$X$2+1,"") | E7: =IF(A7>=$X$3,A7-$X$3+1,"") | F7: =AVERAGE(B3:B7) -> 0.05 | G7: =AVERAGE(C3:C7) -> 0.05 | H7: =AVERAGE(B2:B7) -> 0.041666667 | I7: =AVERAGE(C2:C7) -> 0.083333333 | J7: =AVERAGE(B2:B7) -> 0.041666667 | K7: =AVERAGE(C2:C7) -> 0.083333333 | L7: =AVERAGE(B2:B7) -> 0.041666667 | M7: =AVERAGE(C2:C7) -> 0.083333333 | N7: =AVERAGE(B2:B7) -> 0.041666667 | O7: =AVERAGE(C2:C7) -> 0.083333333 | P7: =AVERAGE(B2:B7) -> 0.041666667 | Q7: =AVERAGE(C2:C7) -> 0.083333333 | R7: =AVERAGE(B2:B7) -> 0.041666667 | S7: =AVERAGE(C2:C7) -> 0.083333333 | T7: =AVERAGE(B2:B7) -> 0.041666667 | U7: =AVERAGE(C2:C7) -> 0.083333333 | W7: DVCA source | X7: /data/chenyiteng/results/rlinf-rlt/pi05-rlt-combo-clean4-800-20260919-v1
A8: 7 | B8: 0 | C8: 0 | D8: =IF(A8>=$X$2,A8-$X$2+1,"") | E8: =IF(A8>=$X$3,A8-$X$3+1,"") | F8: =AVERAGE(B4:B8) -> 0.05 | G8: =AVERAGE(C4:C8) -> 0.05 | H8: =AVERAGE(B2:B8) -> 0.035714286 | I8: =AVERAGE(C2:C8) -> 0.071428571 | J8: =AVERAGE(B2:B8) -> 0.035714286 | K8: =AVERAGE(C2:C8) -> 0.071428571 | L8: =AVERAGE(B2:B8) -> 0.035714286 | M8: =AVERAGE(C2:C8) -> 0.071428571 | N8: =AVERAGE(B2:B8) -> 0.035714286 | O8: =AVERAGE(C2:C8) -> 0.071428571 | P8: =AVERAGE(B2:B8) -> 0.035714286 | Q8: =AVERAGE(C2:C8) -> 0.071428571 | R8: =AVERAGE(B2:B8) -> 0.035714286 | S8: =AVERAGE(C2:C8) -> 0.071428571 | T8: =AVERAGE(B2:B8) -> 0.035714286 | U8: =AVERAGE(C2:C8) -> 0.071428571
A9: 8 | B9: 0 | C9: 0.75 | D9: =IF(A9>=$X$2,A9-$X$2+1,"") | E9: =IF(A9>=$X$3,A9-$X$3+1,"") | F9: =AVERAGE(B5:B9) -> 0 | G9: =AVERAGE(C5:C9) -> 0.2 | H9: =AVERAGE(B2:B9) -> 0.03125 | I9: =AVERAGE(C2:C9) -> 0.15625 | J9: =AVERAGE(B2:B9) -> 0.03125 | K9: =AVERAGE(C2:C9) -> 0.15625 | L9: =AVERAGE(B2:B9) -> 0.03125 | M9: =AVERAGE(C2:C9) -> 0.15625 | N9: =AVERAGE(B2:B9) -> 0.03125 | O9: =AVERAGE(C2:C9) -> 0.15625 | P9: =AVERAGE(B2:B9) -> 0.03125 | Q9: =AVERAGE(C2:C9) -> 0.15625 | R9: =AVERAGE(B2:B9) -> 0.03125 | S9: =AVERAGE(C2:C9) -> 0.15625 | T9: =AVERAGE(B2:B9) -> 0.03125 | U9: =AVERAGE(C2:C9) -> 0.15625 | W9: Trailing mean on full history; min_periods=1; display from first actor_switch_rate > 0.
A10: 9 | B10: 0 | C10: 0 | D10: =IF(A10>=$X$2,A10-$X$2+1,"") | E10: =IF(A10>=$X$3,A10-$X$3+1,"") | F10: =AVERAGE(B6:B10) -> 0 | G10: =AVERAGE(C6:C10) -> 0.15 | H10: =AVERAGE(B2:B10) -> 0.027777778 | I10: =AVERAGE(C2:C10) -> 0.13888889 | J10: =AVERAGE(B2:B10) -> 0.027777778 | K10: =AVERAGE(C2:C10) -> 0.13888889 | L10: =AVERAGE(B2:B10) -> 0.027777778 | M10: =AVERAGE(C2:C10) -> 0.13888889 | N10: =AVERAGE(B2:B10) -> 0.027777778 | O10: =AVERAGE(C2:C10) -> 0.13888889 | P10: =AVERAGE(B2:B10) -> 0.027777778 | Q10: =AVERAGE(C2:C10) -> 0.13888889 | R10: =AVERAGE(B2:B10) -> 0.027777778 | S10: =AVERAGE(C2:C10) -> 0.13888889 | T10: =AVERAGE(B2:B10) -> 0.027777778 | U10: =AVERAGE(C2:C10) -> 0.13888889
A11: 10 | B11: 0 | C11: 0 | D11: =IF(A11>=$X$2,A11-$X$2+1,"") | E11: =IF(A11>=$X$3,A11-$X$3+1,"") | F11: =AVERAGE(B7:B11) -> 0 | G11: =AVERAGE(C7:C11) -> 0.15 | H11: =AVERAGE(B2:B11) -> 0.025 | I11: =AVERAGE(C2:C11) -> 0.125 | J11: =AVERAGE(B2:B11) -> 0.025 | K11: =AVERAGE(C2:C11) -> 0.125 | L11: =AVERAGE(B2:B11) -> 0.025 | M11: =AVERAGE(C2:C11) -> 0.125 | N11: =AVERAGE(B2:B11) -> 0.025 | O11: =AVERAGE(C2:C11) -> 0.125 | P11: =AVERAGE(B2:B11) -> 0.025 | Q11: =AVERAGE(C2:C11) -> 0.125 | R11: =AVERAGE(B2:B11) -> 0.025 | S11: =AVERAGE(C2:C11) -> 0.125 | T11: =AVERAGE(B2:B11) -> 0.025 | U11: =AVERAGE(C2:C11) -> 0.125
A12: 11 | B12: 0 | C12: 0 | D12: =IF(A12>=$X$2,A12-$X$2+1,"") | E12: =IF(A12>=$X$3,A12-$X$3+1,"") | F12: =AVERAGE(B8:B12) -> 0 | G12: =AVERAGE(C8:C12) -> 0.15 | H12: =AVERAGE(B3:B12) -> 0.025 | I12: =AVERAGE(C3:C12) -> 0.1 | J12: =AVERAGE(B2:B12) -> 0.022727273 | K12: =AVERAGE(C2:C12) -> 0.11363636 | L12: =AVERAGE(B2:B12) -> 0.022727273 | M12: =AVERAGE(C2:C12) -> 0.11363636 | N12: =AVERAGE(B2:B12) -> 0.022727273 | O12: =AVERAGE(C2:C12) -> 0.11363636 | P12: =AVERAGE(B2:B12) -> 0.022727273 | Q12: =AVERAGE(C2:C12) -> 0.11363636 | R12: =AVERAGE(B2:B12) -> 0.022727273 | S12: =AVERAGE(C2:C12) -> 0.11363636 | T12: =AVERAGE(B2:B12) -> 0.022727273 | U12: =AVERAGE(C2:C12) -> 0.11363636
A13: 12 | B13: 0 | C13: 0 | D13: =IF(A13>=$X$2,A13-$X$2+1,"") | E13: =IF(A13>=$X$3,A13-$X$3+1,"") | F13: =AVERAGE(B9:B13) -> 0 | G13: =AVERAGE(C9:C13) -> 0.15 | H13: =AVERAGE(B4:B13) -> 0.025 | I13: =AVERAGE(C4:C13) -> 0.1 | J13: =AVERAGE(B2:B13) -> 0.020833333 | K13: =AVERAGE(C2:C13) -> 0.10416667 | L13: =AVERAGE(B2:B13) -> 0.020833333 | M13: =AVERAGE(C2:C13) -> 0.10416667 | N13: =AVERAGE(B2:B13) -> 0.020833333 | O13: =AVERAGE(C2:C13) -> 0.10416667 | P13: =AVERAGE(B2:B13) -> 0.020833333 | Q13: =AVERAGE(C2:C13) -> 0.10416667 | R13: =AVERAGE(B2:B13) -> 0.020833333 | S13: =AVERAGE(C2:C13) -> 0.10416667 | T13: =AVERAGE(B2:B13) -> 0.020833333 | U13: =AVERAGE(C2:C13) -> 0.10416667
A14: 13 | B14: 0.25 | C14: 0 | D14: =IF(A14>=$X$2,A14-$X$2+1,"") | E14: =IF(A14>=$X$3,A14-$X$3+1,"") | F14: =AVERAGE(B10:B14) -> 0.05 | G14: =AVERAGE(C10:C14) -> 0 | H14: =AVERAGE(B5:B14) -> 0.025 | I14: =AVERAGE(C5:C14) -> 0.1 | J14: =AVERAGE(B2:B14) -> 0.038461538 | K14: =AVERAGE(C2:C14) -> 0.096153846 | L14: =AVERAGE(B2:B14) -> 0.038461538 | M14: =AVERAGE(C2:C14) -> 0.096153846 | N14: =AVERAGE(B2:B14) -> 0.038461538 | O14: =AVERAGE(C2:C14) -> 0.096153846 | P14: =AVERAGE(B2:B14) -> 0.038461538 | Q14: =AVERAGE(C2:C14) -> 0.096153846 | R14: =AVERAGE(B2:B14) -> 0.038461538 | S14: =AVERAGE(C2:C14) -> 0.096153846 | T14: =AVERAGE(B2:B14) -> 0.038461538 | U14: =AVERAGE(C2:C14) -> 0.096153846
A15: 14 | B15: 0 | C15: 0 | D15: =IF(A15>=$X$2,A15-$X$2+1,"") | E15: =IF(A15>=$X$3,A15-$X$3+1,"") | F15: =AVERAGE(B11:B15) -> 0.05 | G15: =AVERAGE(C11:C15) -> 0 | H15: =AVERAGE(B6:B15) -> 0.025 | I15: =AVERAGE(C6:C15) -> 0.075 | J15: =AVERAGE(B2:B15) -> 0.035714286 | K15: =AVERAGE(C2:C15) -> 0.089285714 | L15: =AVERAGE(B2:B15) -> 0.035714286 | M15: =AVERAGE(C2:C15) -> 0.089285714 | N15: =AVERAGE(B2:B15) -> 0.035714286 | O15: =AVERAGE(C2:C15) -> 0.089285714 | P15: =AVERAGE(B2:B15) -> 0.035714286 | Q15: =AVERAGE(C2:C15) -> 0.089285714 | R15: =AVERAGE(B2:B15) -> 0.035714286 | S15: =AVERAGE(C2:C15) -> 0.089285714 | T15: =AVERAGE(B2:B15) -> 0.035714286 | U15: =AVERAGE(C2:C15) -> 0.089285714
A16: 15 | B16: 0 | C16: 0.5 | D16: =IF(A16>=$X$2,A16-$X$2+1,"") | E16: =IF(A16>=$X$3,A16-$X$3+1,"") | F16: =AVERAGE(B12:B16) -> 0.05 | G16: =AVERAGE(C12:C16) -> 0.1 | H16: =AVERAGE(B7:B16) -> 0.025 | I16: =AVERAGE(C7:C16) -> 0.125 | J16: =AVERAGE(B2:B16) -> 0.033333333 | K16: =AVERAGE(C2:C16) -> 0.11666667 | L16: =AVERAGE(B2:B16) -> 0.033333333 | M16: =AVERAGE(C2:C16) -> 0.11666667 | N16: =AVERAGE(B2:B16) -> 0.033333333 | O16: =AVERAGE(C2:C16) -> 0.11666667 | P16: =AVERAGE(B2:B16) -> 0.033333333 | Q16: =AVERAGE(C2:C16) -> 0.11666667 | R16: =AVERAGE(B2:B16) -> 0.033333333 | S16: =AVERAGE(C2:C16) -> 0.11666667 | T16: =AVERAGE(B2:B16) -> 0.033333333 | U16: =AVERAGE(C2:C16) -> 0.11666667
A17: 16 | B17: 0 | C17: 0 | D17: =IF(A17>=$X$2,A17-$X$2+1,"") | E17: =IF(A17>=$X$3,A17-$X$3+1,"") | F17: =AVERAGE(B13:B17) -> 0.05 | G17: =AVERAGE(C13:C17) -> 0.1 | H17: =AVERAGE(B8:B17) -> 0.025 | I17: =AVERAGE(C8:C17) -> 0.125 | J17: =AVERAGE(B3:B17) -> 0.033333333 | K17: =AVERAGE(C3:C17) -> 0.1 | L17: =AVERAGE(B2:B17) -> 0.03125 | M17: =AVERAGE(C2:C17) -> 0.109375 | N17: =AVERAGE(B2:B17) -> 0.03125 | O17: =AVERAGE(C2:C17) -> 0.109375 | P17: =AVERAGE(B2:B17) -> 0.03125 | Q17: =AVERAGE(C2:C17) -> 0.109375 | R17: =AVERAGE(B2:B17) -> 0.03125 | S17: =AVERAGE(C2:C17) -> 0.109375 | T17: =AVERAGE(B2:B17) -> 0.03125 | U17: =AVERAGE(C2:C17) -> 0.109375
A18: 17 | B18: 0.5 | C18: 0 | D18: =IF(A18>=$X$2,A18-$X$2+1,"") | E18: =IF(A18>=$X$3,A18-$X$3+1,"") | F18: =AVERAGE(B14:B18) -> 0.15 | G18: =AVERAGE(C14:C18) -> 0.1 | H18: =AVERAGE(B9:B18) -> 0.075 | I18: =AVERAGE(C9:C18) -> 0.125 | J18: =AVERAGE(B4:B18) -> 0.066666667 | K18: =AVERAGE(C4:C18) -> 0.1 | L18: =AVERAGE(B2:B18) -> 0.058823529 | M18: =AVERAGE(C2:C18) -> 0.10294118 | N18: =AVERAGE(B2:B18) -> 0.058823529 | O18: =AVERAGE(C2:C18) -> 0.10294118 | P18: =AVERAGE(B2:B18) -> 0.058823529 | Q18: =AVERAGE(C2:C18) -> 0.10294118 | R18: =AVERAGE(B2:B18) -> 0.058823529 | S18: =AVERAGE(C2:C18) -> 0.10294118 | T18: =AVERAGE(B2:B18) -> 0.058823529 | U18: =AVERAGE(C2:C18) -> 0.10294118
A19: 18 | B19: 0 | C19: 0.25 | D19: =IF(A19>=$X$2,A19-$X$2+1,"") | E19: =IF(A19>=$X$3,A19-$X$3+1,"") | F19: =AVERAGE(B15:B19) -> 0.1 | G19: =AVERAGE(C15:C19) -> 0.15 | H19: =AVERAGE(B10:B19) -> 0.075 | I19: =AVERAGE(C10:C19) -> 0.075 | J19: =AVERAGE(B5:B19) -> 0.05 | K19: =AVERAGE(C5:C19) -> 0.11666667 | L19: =AVERAGE(B2:B19) -> 0.055555556 | M19: =AVERAGE(C2:C19) -> 0.11111111 | N19: =AVERAGE(B2:B19) -> 0.055555556 | O19: =AVERAGE(C2:C19) -> 0.11111111 | P19: =AVERAGE(B2:B19) -> 0.055555556 | Q19: =AVERAGE(C2:C19) -> 0.11111111 | R19: =AVERAGE(B2:B19) -> 0.055555556 | S19: =AVERAGE(C2:C19) -> 0.11111111 | T19: =AVERAGE(B2:B19) -> 0.055555556 | U19: =AVERAGE(C2:C19) -> 0.11111111
A20: 19 | B20: 0.25 | C20: 0 | D20: =IF(A20>=$X$2,A20-$X$2+1,"") | E20: =IF(A20>=$X$3,A20-$X$3+1,"") | F20: =AVERAGE(B16:B20) -> 0.15 | G20: =AVERAGE(C16:C20) -> 0.15 | H20: =AVERAGE(B11:B20) -> 0.1 | I20: =AVERAGE(C11:C20) -> 0.075 | J20: =AVERAGE(B6:B20) -> 0.066666667 | K20: =AVERAGE(C6:C20) -> 0.1 | L20: =AVERAGE(B2:B20) -> 0.065789474 | M20: =AVERAGE(C2:C20) -> 0.10526316 | N20: =AVERAGE(B2:B20) -> 0.065789474 | O20: =AVERAGE(C2:C20) -> 0.10526316 | P20: =AVERAGE(B2:B20) -> 0.065789474 | Q20: =AVERAGE(C2:C20) -> 0.10526316 | R20: =AVERAGE(B2:B20) -> 0.065789474 | S20: =AVERAGE(C2:C20) -> 0.10526316 | T20: =AVERAGE(B2:B20) -> 0.065789474 | U20: =AVERAGE(C2:C20) -> 0.10526316
A21: 20 | B21: 0.5 | C21: 0 | D21: =IF(A21>=$X$2,A21-$X$2+1,"") | E21: =IF(A21>=$X$3,A21-$X$3+1,"") | F21: =AVERAGE(B17:B21) -> 0.25 | G21: =AVERAGE(C17:C21) -> 0.05 | H21: =AVERAGE(B12:B21) -> 0.15 | I21: =AVERAGE(C12:C21) -> 0.075 | J21: =AVERAGE(B7:B21) -> 0.1 | K21: =AVERAGE(C7:C21) -> 0.1 | L21: =AVERAGE(B2:B21) -> 0.0875 | M21: =AVERAGE(C2:C21) -> 0.1 | N21: =AVERAGE(B2:B21) -> 0.0875 | O21: =AVERAGE(C2:C21) -> 0.1 | P21: =AVERAGE(B2:B21) -> 0.0875 | Q21: =AVERAGE(C2:C21) -> 0.1 | R21: =AVERAGE(B2:B21) -> 0.0875 | S21: =AVERAGE(C2:C21) -> 0.1 | T21: =AVERAGE(B2:B21) -> 0.0875 | U21: =AVERAGE(C2:C21) -> 0.1
A22: 21 | B22: 0 | C22: 0 | D22: =IF(A22>=$X$2,A22-$X$2+1,"") | E22: =IF(A22>=$X$3,A22-$X$3+1,"") | F22: =AVERAGE(B18:B22) -> 0.25 | G22: =AVERAGE(C18:C22) -> 0.05 | H22: =AVERAGE(B13:B22) -> 0.15 | I22: =AVERAGE(C13:C22) -> 0.075 | J22: =AVERAGE(B8:B22) -> 0.1 | K22: =AVERAGE(C8:C22) -> 0.1 | L22: =AVERAGE(B3:B22) -> 0.0875 | M22: =AVERAGE(C3:C22) -> 0.0875 | N22: =AVERAGE(B2:B22) -> 0.083333333 | O22: =AVERAGE(C2:C22) -> 0.095238095 | P22: =AVERAGE(B2:B22) -> 0.083333333 | Q22: =AVERAGE(C2:C22) -> 0.095238095 | R22: =AVERAGE(B2:B22) -> 0.083333333 | S22: =AVERAGE(C2:C22) -> 0.095238095 | T22: =AVERAGE(B2:B22) -> 0.083333333 | U22: =AVERAGE(C2:C22) -> 0.095238095
A23: 22 | B23: 0.25 | C23: 0.25 | D23: =IF(A23>=$X$2,A23-$X$2+1,"") | E23: =IF(A23>=$X$3,A23-$X$3+1,"") | F23: =AVERAGE(B19:B23) -> 0.2 | G23: =AVERAGE(C19:C23) -> 0.1 | H23: =AVERAGE(B14:B23) -> 0.175 | I23: =AVERAGE(C14:C23) -> 0.1 | J23: =AVERAGE(B9:B23) -> 0.11666667 | K23: =AVERAGE(C9:C23) -> 0.11666667 | L23: =AVERAGE(B4:B23) -> 0.1 | M23: =AVERAGE(C4:C23) -> 0.1 | N23: =AVERAGE(B2:B23) -> 0.090909091 | O23: =AVERAGE(C2:C23) -> 0.10227273 | P23: =AVERAGE(B2:B23) -> 0.090909091 | Q23: =AVERAGE(C2:C23) -> 0.10227273 | R23: =AVERAGE(B2:B23) -> 0.090909091 | S23: =AVERAGE(C2:C23) -> 0.10227273 | T23: =AVERAGE(B2:B23) -> 0.090909091 | U23: =AVERAGE(C2:C23) -> 0.10227273
A24: 23 | B24: 0 | C24: 0.25 | D24: =IF(A24>=$X$2,A24-$X$2+1,"") | E24: =IF(A24>=$X$3,A24-$X$3+1,"") | F24: =AVERAGE(B20:B24) -> 0.2 | G24: =AVERAGE(C20:C24) -> 0.1 | H24: =AVERAGE(B15:B24) -> 0.15 | I24: =AVERAGE(C15:C24) -> 0.125 | J24: =AVERAGE(B10:B24) -> 0.11666667 | K24: =AVERAGE(C10:C24) -> 0.083333333 | L24: =AVERAGE(B5:B24) -> 0.0875 | M24: =AVERAGE(C5:C24) -> 0.1125 | N24: =AVERAGE(B2:B24) -> 0.086956522 | O24: =AVERAGE(C2:C24) -> 0.10869565 | P24: =AVERAGE(B2:B24) -> 0.086956522 | Q24: =AVERAGE(C2:C24) -> 0.10869565 | R24: =AVERAGE(B2:B24) -> 0.086956522 | S24: =AVERAGE(C2:C24) -> 0.10869565 | T24: =AVERAGE(B2:B24) -> 0.086956522 | U24: =AVERAGE(C2:C24) -> 0.10869565
A25: 24 | B25: 0 | C25: 0 | D25: =IF(A25>=$X$2,A25-$X$2+1,"") | E25: =IF(A25>=$X$3,A25-$X$3+1,"") | F25: =AVERAGE(B21:B25) -> 0.15 | G25: =AVERAGE(C21:C25) -> 0.1 | H25: =AVERAGE(B16:B25) -> 0.15 | I25: =AVERAGE(C16:C25) -> 0.125 | J25: =AVERAGE(B11:B25) -> 0.11666667 | K25: =AVERAGE(C11:C25) -> 0.083333333 | L25: =AVERAGE(B6:B25) -> 0.0875 | M25: =AVERAGE(C6:C25) -> 0.1 | N25: =AVERAGE(B2:B25) -> 0.083333333 | O25: =AVERAGE(C2:C25) -> 0.10416667 | P25: =AVERAGE(B2:B25) -> 0.083333333 | Q25: =AVERAGE(C2:C25) -> 0.10416667 | R25: =AVERAGE(B2:B25) -> 0.083333333 | S25: =AVERAGE(C2:C25) -> 0.10416667 | T25: =AVERAGE(B2:B25) -> 0.083333333 | U25: =AVERAGE(C2:C25) -> 0.10416667
A26: 25 | B26: 0 | C26: 0 | D26: =IF(A26>=$X$2,A26-$X$2+1,"") | E26: =IF(A26>=$X$3,A26-$X$3+1,"") | F26: =AVERAGE(B22:B26) -> 0.05 | G26: =AVERAGE(C22:C26) -> 0.1 | H26: =AVERAGE(B17:B26) -> 0.15 | I26: =AVERAGE(C17:C26) -> 0.075 | J26: =AVERAGE(B12:B26) -> 0.11666667 | K26: =AVERAGE(C12:C26) -> 0.083333333 | L26: =AVERAGE(B7:B26) -> 0.0875 | M26: =AVERAGE(C7:C26) -> 0.1 | N26: =AVERAGE(B2:B26) -> 0.08 | O26: =AVERAGE(C2:C26) -> 0.1 | P26: =AVERAGE(B2:B26) -> 0.08 | Q26: =AVERAGE(C2:C26) -> 0.1 | R26: =AVERAGE(B2:B26) -> 0.08 | S26: =AVERAGE(C2:C26) -> 0.1 | T26: =AVERAGE(B2:B26) -> 0.08 | U26: =AVERAGE(C2:C26) -> 0.1
A27: 26 | B27: 0.25 | C27: 0 | D27: =IF(A27>=$X$2,A27-$X$2+1,"") | E27: =IF(A27>=$X$3,A27-$X$3+1,"") | F27: =AVERAGE(B23:B27) -> 0.1 | G27: =AVERAGE(C23:C27) -> 0.1 | H27: =AVERAGE(B18:B27) -> 0.175 | I27: =AVERAGE(C18:C27) -> 0.075 | J27: =AVERAGE(B13:B27) -> 0.13333333 | K27: =AVERAGE(C13:C27) -> 0.083333333 | L27: =AVERAGE(B8:B27) -> 0.1 | M27: =AVERAGE(C8:C27) -> 0.1 | N27: =AVERAGE(B3:B27) -> 0.09 | O27: =AVERAGE(C3:C27) -> 0.09 | P27: =AVERAGE(B2:B27) -> 0.086538462 | Q27: =AVERAGE(C2:C27) -> 0.096153846 | R27: =AVERAGE(B2:B27) -> 0.086538462 | S27: =AVERAGE(C2:C27) -> 0.096153846 | T27: =AVERAGE(B2:B27) -> 0.086538462 | U27: =AVERAGE(C2:C27) -> 0.096153846
A28: 27 | B28: 0 | C28: 0 | D28: =IF(A28>=$X$2,A28-$X$2+1,"") | E28: =IF(A28>=$X$3,A28-$X$3+1,"") | F28: =AVERAGE(B24:B28) -> 0.05 | G28: =AVERAGE(C24:C28) -> 0.05 | H28: =AVERAGE(B19:B28) -> 0.125 | I28: =AVERAGE(C19:C28) -> 0.075 | J28: =AVERAGE(B14:B28) -> 0.13333333 | K28: =AVERAGE(C14:C28) -> 0.083333333 | L28: =AVERAGE(B9:B28) -> 0.1 | M28: =AVERAGE(C9:C28) -> 0.1 | N28: =AVERAGE(B4:B28) -> 0.09 | O28: =AVERAGE(C4:C28) -> 0.09 | P28: =AVERAGE(B2:B28) -> 0.083333333 | Q28: =AVERAGE(C2:C28) -> 0.092592593 | R28: =AVERAGE(B2:B28) -> 0.083333333 | S28: =AVERAGE(C2:C28) -> 0.092592593 | T28: =AVERAGE(B2:B28) -> 0.083333333 | U28: =AVERAGE(C2:C28) -> 0.092592593
A29: 28 | B29: 0 | C29: 0 | D29: =IF(A29>=$X$2,A29-$X$2+1,"") | E29: =IF(A29>=$X$3,A29-$X$3+1,"") | F29: =AVERAGE(B25:B29) -> 0.05 | G29: =AVERAGE(C25:C29) -> 0 | H29: =AVERAGE(B20:B29) -> 0.125 | I29: =AVERAGE(C20:C29) -> 0.05 | J29: =AVERAGE(B15:B29) -> 0.11666667 | K29: =AVERAGE(C15:C29) -> 0.083333333 | L29: =AVERAGE(B10:B29) -> 0.1 | M29: =AVERAGE(C10:C29) -> 0.0625 | N29: =AVERAGE(B5:B29) -> 0.08 | O29: =AVERAGE(C5:C29) -> 0.09 | P29: =AVERAGE(B2:B29) -> 0.080357143 | Q29: =AVERAGE(C2:C29) -> 0.089285714 | R29: =AVERAGE(B2:B29) -> 0.080357143 | S29: =AVERAGE(C2:C29) -> 0.089285714 | T29: =AVERAGE(B2:B29) -> 0.080357143 | U29: =AVERAGE(C2:C29) -> 0.089285714
A30: 29 | B30: 0 | C30: 0 | D30: =IF(A30>=$X$2,A30-$X$2+1,"") | E30: =IF(A30>=$X$3,A30-$X$3+1,"") | F30: =AVERAGE(B26:B30) -> 0.05 | G30: =AVERAGE(C26:C30) -> 0 | H30: =AVERAGE(B21:B30) -> 0.1 | I30: =AVERAGE(C21:C30) -> 0.05 | J30: =AVERAGE(B16:B30) -> 0.11666667 | K30: =AVERAGE(C16:C30) -> 0.083333333 | L30: =AVERAGE(B11:B30) -> 0.1 | M30: =AVERAGE(C11:C30) -> 0.0625 | N30: =AVERAGE(B6:B30) -> 0.08 | O30: =AVERAGE(C6:C30) -> 0.08 | P30: =AVERAGE(B2:B30) -> 0.077586207 | Q30: =AVERAGE(C2:C30) -> 0.086206897 | R30: =AVERAGE(B2:B30) -> 0.077586207 | S30: =AVERAGE(C2:C30) -> 0.086206897 | T30: =AVERAGE(B2:B30) -> 0.077586207 | U30: =AVERAGE(C2:C30) -> 0.086206897
A31: 30 | B31: 0.25 | C31: 0 | D31: =IF(A31>=$X$2,A31-$X$2+1,"") | E31: =IF(A31>=$X$3,A31-$X$3+1,"") | F31: =AVERAGE(B27:B31) -> 0.1 | G31: =AVERAGE(C27:C31) -> 0 | H31: =AVERAGE(B22:B31) -> 0.075 | I31: =AVERAGE(C22:C31) -> 0.05 | J31: =AVERAGE(B17:B31) -> 0.13333333 | K31: =AVERAGE(C17:C31) -> 0.05 | L31: =AVERAGE(B12:B31) -> 0.1125 | M31: =AVERAGE(C12:C31) -> 0.0625 | N31: =AVERAGE(B7:B31) -> 0.09 | O31: =AVERAGE(C7:C31) -> 0.08 | P31: =AVERAGE(B2:B31) -> 0.083333333 | Q31: =AVERAGE(C2:C31) -> 0.083333333 | R31: =AVERAGE(B2:B31) -> 0.083333333 | S31: =AVERAGE(C2:C31) -> 0.083333333 | T31: =AVERAGE(B2:B31) -> 0.083333333 | U31: =AVERAGE(C2:C31) -> 0.083333333
A32: 31 | B32: 0 | C32: 0 | D32: =IF(A32>=$X$2,A32-$X$2+1,"") | E32: =IF(A32>=$X$3,A32-$X$3+1,"") | F32: =AVERAGE(B28:B32) -> 0.05 | G32: =AVERAGE(C28:C32) -> 0 | H32: =AVERAGE(B23:B32) -> 0.075 | I32: =AVERAGE(C23:C32) -> 0.05 | J32: =AVERAGE(B18:B32) -> 0.13333333 | K32: =AVERAGE(C18:C32) -> 0.05 | L32: =AVERAGE(B13:B32) -> 0.1125 | M32: =AVERAGE(C13:C32) -> 0.0625 | N32: =AVERAGE(B8:B32) -> 0.09 | O32: =AVERAGE(C8:C32) -> 0.08 | P32: =AVERAGE(B3:B32) -> 0.083333333 | Q32: =AVERAGE(C3:C32) -> 0.075 | R32: =AVERAGE(B2:B32) -> 0.080645161 | S32: =AVERAGE(C2:C32) -> 0.080645161 | T32: =AVERAGE(B2:B32) -> 0.080645161 | U32: =AVERAGE(C2:C32) -> 0.080645161
A33: 32 | B33: 0.25 | C33: 0 | D33: =IF(A33>=$X$2,A33-$X$2+1,"") | E33: =IF(A33>=$X$3,A33-$X$3+1,"") | F33: =AVERAGE(B29:B33) -> 0.1 | G33: =AVERAGE(C29:C33) -> 0 | H33: =AVERAGE(B24:B33) -> 0.075 | I33: =AVERAGE(C24:C33) -> 0.025 | J33: =AVERAGE(B19:B33) -> 0.11666667 | K33: =AVERAGE(C19:C33) -> 0.05 | L33: =AVERAGE(B14:B33) -> 0.125 | M33: =AVERAGE(C14:C33) -> 0.0625 | N33: =AVERAGE(B9:B33) -> 0.1 | O33: =AVERAGE(C9:C33) -> 0.08 | P33: =AVERAGE(B4:B33) -> 0.091666667 | Q33: =AVERAGE(C4:C33) -> 0.075 | R33: =AVERAGE(B2:B33) -> 0.0859375 | S33: =AVERAGE(C2:C33) -> 0.078125 | T33: =AVERAGE(B2:B33) -> 0.0859375 | U33: =AVERAGE(C2:C33) -> 0.078125
A34: 33 | B34: 0 | C34: 0 | D34: =IF(A34>=$X$2,A34-$X$2+1,"") | E34: =IF(A34>=$X$3,A34-$X$3+1,"") | F34: =AVERAGE(B30:B34) -> 0.1 | G34: =AVERAGE(C30:C34) -> 0 | H34: =AVERAGE(B25:B34) -> 0.075 | I34: =AVERAGE(C25:C34) -> 0 | J34: =AVERAGE(B20:B34) -> 0.11666667 | K34: =AVERAGE(C20:C34) -> 0.033333333 | L34: =AVERAGE(B15:B34) -> 0.1125 | M34: =AVERAGE(C15:C34) -> 0.0625 | N34: =AVERAGE(B10:B34) -> 0.1 | O34: =AVERAGE(C10:C34) -> 0.05 | P34: =AVERAGE(B5:B34) -> 0.083333333 | Q34: =AVERAGE(C5:C34) -> 0.075 | R34: =AVERAGE(B2:B34) -> 0.083333333 | S34: =AVERAGE(C2:C34) -> 0.075757576 | T34: =AVERAGE(B2:B34) -> 0.083333333 | U34: =AVERAGE(C2:C34) -> 0.075757576
A35: 34 | B35: 0 | C35: 0 | D35: =IF(A35>=$X$2,A35-$X$2+1,"") | E35: =IF(A35>=$X$3,A35-$X$3+1,"") | F35: =AVERAGE(B31:B35) -> 0.1 | G35: =AVERAGE(C31:C35) -> 0 | H35: =AVERAGE(B26:B35) -> 0.075 | I35: =AVERAGE(C26:C35) -> 0 | J35: =AVERAGE(B21:B35) -> 0.1 | K35: =AVERAGE(C21:C35) -> 0.033333333 | L35: =AVERAGE(B16:B35) -> 0.1125 | M35: =AVERAGE(C16:C35) -> 0.0625 | N35: =AVERAGE(B11:B35) -> 0.1 | O35: =AVERAGE(C11:C35) -> 0.05 | P35: =AVERAGE(B6:B35) -> 0.083333333 | Q35: =AVERAGE(C6:C35) -> 0.066666667 | R35: =AVERAGE(B2:B35) -> 0.080882353 | S35: =AVERAGE(C2:C35) -> 0.073529412 | T35: =AVERAGE(B2:B35) -> 0.080882353 | U35: =AVERAGE(C2:C35) -> 0.073529412
A36: 35 | B36: 0 | C36: 0.25 | D36: =IF(A36>=$X$2,A36-$X$2+1,"") | E36: =IF(A36>=$X$3,A36-$X$3+1,"") | F36: =AVERAGE(B32:B36) -> 0.05 | G36: =AVERAGE(C32:C36) -> 0.05 | H36: =AVERAGE(B27:B36) -> 0.075 | I36: =AVERAGE(C27:C36) -> 0.025 | J36: =AVERAGE(B22:B36) -> 0.066666667 | K36: =AVERAGE(C22:C36) -> 0.05 | L36: =AVERAGE(B17:B36) -> 0.1125 | M36: =AVERAGE(C17:C36) -> 0.05 | N36: =AVERAGE(B12:B36) -> 0.1 | O36: =AVERAGE(C12:C36) -> 0.06 | P36: =AVERAGE(B7:B36) -> 0.083333333 | Q36: =AVERAGE(C7:C36) -> 0.075 | R36: =AVERAGE(B2:B36) -> 0.078571429 | S36: =AVERAGE(C2:C36) -> 0.078571429 | T36: =AVERAGE(B2:B36) -> 0.078571429 | U36: =AVERAGE(C2:C36) -> 0.078571429
A37: 36 | B37: 0.25 | C37: 0 | D37: =IF(A37>=$X$2,A37-$X$2+1,"") | E37: =IF(A37>=$X$3,A37-$X$3+1,"") | F37: =AVERAGE(B33:B37) -> 0.1 | G37: =AVERAGE(C33:C37) -> 0.05 | H37: =AVERAGE(B28:B37) -> 0.075 | I37: =AVERAGE(C28:C37) -> 0.025 | J37: =AVERAGE(B23:B37) -> 0.083333333 | K37: =AVERAGE(C23:C37) -> 0.05 | L37: =AVERAGE(B18:B37) -> 0.125 | M37: =AVERAGE(C18:C37) -> 0.05 | N37: =AVERAGE(B13:B37) -> 0.11 | O37: =AVERAGE(C13:C37) -> 0.06 | P37: =AVERAGE(B8:B37) -> 0.091666667 | Q37: =AVERAGE(C8:C37) -> 0.075 | R37: =AVERAGE(B2:B37) -> 0.083333333 | S37: =AVERAGE(C2:C37) -> 0.076388889 | T37: =AVERAGE(B2:B37) -> 0.083333333 | U37: =AVERAGE(C2:C37) -> 0.076388889
A38: 37 | B38: 0 | C38: 0 | D38: =IF(A38>=$X$2,A38-$X$2+1,"") | E38: =IF(A38>=$X$3,A38-$X$3+1,"") | F38: =AVERAGE(B34:B38) -> 0.05 | G38: =AVERAGE(C34:C38) -> 0.05 | H38: =AVERAGE(B29:B38) -> 0.075 | I38: =AVERAGE(C29:C38) -> 0.025 | J38: =AVERAGE(B24:B38) -> 0.066666667 | K38: =AVERAGE(C24:C38) -> 0.033333333 | L38: =AVERAGE(B19:B38) -> 0.1 | M38: =AVERAGE(C19:C38) -> 0.05 | N38: =AVERAGE(B14:B38) -> 0.11 | O38: =AVERAGE(C14:C38) -> 0.06 | P38: =AVERAGE(B9:B38) -> 0.091666667 | Q38: =AVERAGE(C9:C38) -> 0.075 | R38: =AVERAGE(B2:B38) -> 0.081081081 | S38: =AVERAGE(C2:C38) -> 0.074324324 | T38: =AVERAGE(B2:B38) -> 0.081081081 | U38: =AVERAGE(C2:C38) -> 0.074324324
A39: 38 | B39: 0.25 | C39: 0 | D39: =IF(A39>=$X$2,A39-$X$2+1,"") | E39: =IF(A39>=$X$3,A39-$X$3+1,"") | F39: =AVERAGE(B35:B39) -> 0.1 | G39: =AVERAGE(C35:C39) -> 0.05 | H39: =AVERAGE(B30:B39) -> 0.1 | I39: =AVERAGE(C30:C39) -> 0.025 | J39: =AVERAGE(B25:B39) -> 0.083333333 | K39: =AVERAGE(C25:C39) -> 0.016666667 | L39: =AVERAGE(B20:B39) -> 0.1125 | M39: =AVERAGE(C20:C39) -> 0.0375 | N39: =AVERAGE(B15:B39) -> 0.11 | O39: =AVERAGE(C15:C39) -> 0.06 | P39: =AVERAGE(B10:B39) -> 0.1 | Q39: =AVERAGE(C10:C39) -> 0.05 | R39: =AVERAGE(B2:B39) -> 0.085526316 | S39: =AVERAGE(C2:C39) -> 0.072368421 | T39: =AVERAGE(B2:B39) -> 0.085526316 | U39: =AVERAGE(C2:C39) -> 0.072368421
A40: 39 | B40: 0 | C40: 0 | D40: =IF(A40>=$X$2,A40-$X$2+1,"") | E40: =IF(A40>=$X$3,A40-$X$3+1,"") | F40: =AVERAGE(B36:B40) -> 0.1 | G40: =AVERAGE(C36:C40) -> 0.05 | H40: =AVERAGE(B31:B40) -> 0.1 | I40: =AVERAGE(C31:C40) -> 0.025 | J40: =AVERAGE(B26:B40) -> 0.083333333 | K40: =AVERAGE(C26:C40) -> 0.016666667 | L40: =AVERAGE(B21:B40) -> 0.1 | M40: =AVERAGE(C21:C40) -> 0.0375 | N40: =AVERAGE(B16:B40) -> 0.11 | O40: =AVERAGE(C16:C40) -> 0.06 | P40: =AVERAGE(B11:B40) -> 0.1 | Q40: =AVERAGE(C11:C40) -> 0.05 | R40: =AVERAGE(B2:B40) -> 0.083333333 | S40: =AVERAGE(C2:C40) -> 0.070512821 | T40: =AVERAGE(B2:B40) -> 0.083333333 | U40: =AVERAGE(C2:C40) -> 0.070512821
A41: 40 | B41: 0 | C41: 0 | D41: =IF(A41>=$X$2,A41-$X$2+1,"") | E41: =IF(A41>=$X$3,A41-$X$3+1,"") | F41: =AVERAGE(B37:B41) -> 0.1 | G41: =AVERAGE(C37:C41) -> 0 | H41: =AVERAGE(B32:B41) -> 0.075 | I41: =AVERAGE(C32:C41) -> 0.025 | J41: =AVERAGE(B27:B41) -> 0.083333333 | K41: =AVERAGE(C27:C41) -> 0.016666667 | L41: =AVERAGE(B22:B41) -> 0.075 | M41: =AVERAGE(C22:C41) -> 0.0375 | N41: =AVERAGE(B17:B41) -> 0.11 | O41: =AVERAGE(C17:C41) -> 0.04 | P41: =AVERAGE(B12:B41) -> 0.1 | Q41: =AVERAGE(C12:C41) -> 0.05 | R41: =AVERAGE(B2:B41) -> 0.08125 | S41: =AVERAGE(C2:C41) -> 0.06875 | T41: =AVERAGE(B2:B41) -> 0.08125 | U41: =AVERAGE(C2:C41) -> 0.06875
A42: 41 | B42: 0 | C42: 0 | D42: =IF(A42>=$X$2,A42-$X$2+1,"") | E42: =IF(A42>=$X$3,A42-$X$3+1,"") | F42: =AVERAGE(B38:B42) -> 0.05 | G42: =AVERAGE(C38:C42) -> 0 | H42: =AVERAGE(B33:B42) -> 0.075 | I42: =AVERAGE(C33:C42) -> 0.025 | J42: =AVERAGE(B28:B42) -> 0.066666667 | K42: =AVERAGE(C28:C42) -> 0.016666667 | L42: =AVERAGE(B23:B42) -> 0.075 | M42: =AVERAGE(C23:C42) -> 0.0375 | N42: =AVERAGE(B18:B42) -> 0.11 | O42: =AVERAGE(C18:C42) -> 0.04 | P42: =AVERAGE(B13:B42) -> 0.1 | Q42: =AVERAGE(C13:C42) -> 0.05 | R42: =AVERAGE(B3:B42) -> 0.08125 | S42: =AVERAGE(C3:C42) -> 0.0625 | T42: =AVERAGE(B2:B42) -> 0.079268293 | U42: =AVERAGE(C2:C42) -> 0.067073171
A43: 42 | B43: 0 | C43: 0 | D43: =IF(A43>=$X$2,A43-$X$2+1,"") | E43: =IF(A43>=$X$3,A43-$X$3+1,"") | F43: =AVERAGE(B39:B43) -> 0.05 | G43: =AVERAGE(C39:C43) -> 0 | H43: =AVERAGE(B34:B43) -> 0.05 | I43: =AVERAGE(C34:C43) -> 0.025 | J43: =AVERAGE(B29:B43) -> 0.066666667 | K43: =AVERAGE(C29:C43) -> 0.016666667 | L43: =AVERAGE(B24:B43) -> 0.0625 | M43: =AVERAGE(C24:C43) -> 0.025 | N43: =AVERAGE(B19:B43) -> 0.09 | O43: =AVERAGE(C19:C43) -> 0.04 | P43: =AVERAGE(B14:B43) -> 0.1 | Q43: =AVERAGE(C14:C43) -> 0.05 | R43: =AVERAGE(B4:B43) -> 0.08125 | S43: =AVERAGE(C4:C43) -> 0.0625 | T43: =AVERAGE(B2:B43) -> 0.077380952 | U43: =AVERAGE(C2:C43) -> 0.06547619
A44: 43 | B44: 0 | C44: 0 | D44: =IF(A44>=$X$2,A44-$X$2+1,"") | E44: =IF(A44>=$X$3,A44-$X$3+1,"") | F44: =AVERAGE(B40:B44) -> 0 | G44: =AVERAGE(C40:C44) -> 0 | H44: =AVERAGE(B35:B44) -> 0.05 | I44: =AVERAGE(C35:C44) -> 0.025 | J44: =AVERAGE(B30:B44) -> 0.066666667 | K44: =AVERAGE(C30:C44) -> 0.016666667 | L44: =AVERAGE(B25:B44) -> 0.0625 | M44: =AVERAGE(C25:C44) -> 0.0125 | N44: =AVERAGE(B20:B44) -> 0.09 | O44: =AVERAGE(C20:C44) -> 0.03 | P44: =AVERAGE(B15:B44) -> 0.091666667 | Q44: =AVERAGE(C15:C44) -> 0.05 | R44: =AVERAGE(B5:B44) -> 0.075 | S44: =AVERAGE(C5:C44) -> 0.0625 | T44: =AVERAGE(B2:B44) -> 0.075581395 | U44: =AVERAGE(C2:C44) -> 0.063953488
A45: 44 | B45: 0 | C45: 0 | D45: =IF(A45>=$X$2,A45-$X$2+1,"") | E45: =IF(A45>=$X$3,A45-$X$3+1,"") | F45: =AVERAGE(B41:B45) -> 0 | G45: =AVERAGE(C41:C45) -> 0 | H45: =AVERAGE(B36:B45) -> 0.05 | I45: =AVERAGE(C36:C45) -> 0.025 | J45: =AVERAGE(B31:B45) -> 0.066666667 | K45: =AVERAGE(C31:C45) -> 0.016666667 | L45: =AVERAGE(B26:B45) -> 0.0625 | M45: =AVERAGE(C26:C45) -> 0.0125 | N45: =AVERAGE(B21:B45) -> 0.08 | O45: =AVERAGE(C21:C45) -> 0.03 | P45: =AVERAGE(B16:B45) -> 0.091666667 | Q45: =AVERAGE(C16:C45) -> 0.05 | R45: =AVERAGE(B6:B45) -> 0.075 | S45: =AVERAGE(C6:C45) -> 0.05625 | T45: =AVERAGE(B2:B45) -> 0.073863636 | U45: =AVERAGE(C2:C45) -> 0.0625
A46: 45 | B46: 0.5 | C46: 0 | D46: =IF(A46>=$X$2,A46-$X$2+1,"") | E46: =IF(A46>=$X$3,A46-$X$3+1,"") | F46: =AVERAGE(B42:B46) -> 0.1 | G46: =AVERAGE(C42:C46) -> 0 | H46: =AVERAGE(B37:B46) -> 0.1 | I46: =AVERAGE(C37:C46) -> 0 | J46: =AVERAGE(B32:B46) -> 0.083333333 | K46: =AVERAGE(C32:C46) -> 0.016666667 | L46: =AVERAGE(B27:B46) -> 0.0875 | M46: =AVERAGE(C27:C46) -> 0.0125 | N46: =AVERAGE(B22:B46) -> 0.08 | O46: =AVERAGE(C22:C46) -> 0.03 | P46: =AVERAGE(B17:B46) -> 0.10833333 | Q46: =AVERAGE(C17:C46) -> 0.033333333 | R46: =AVERAGE(B7:B46) -> 0.0875 | S46: =AVERAGE(C7:C46) -> 0.05625 | T46: =AVERAGE(B2:B46) -> 0.083333333 | U46: =AVERAGE(C2:C46) -> 0.061111111
A47: 46 | B47: 0.25 | C47: 0.5 | D47: =IF(A47>=$X$2,A47-$X$2+1,"") | E47: =IF(A47>=$X$3,A47-$X$3+1,"") | F47: =AVERAGE(B43:B47) -> 0.15 | G47: =AVERAGE(C43:C47) -> 0.1 | H47: =AVERAGE(B38:B47) -> 0.1 | I47: =AVERAGE(C38:C47) -> 0.05 | J47: =AVERAGE(B33:B47) -> 0.1 | K47: =AVERAGE(C33:C47) -> 0.05 | L47: =AVERAGE(B28:B47) -> 0.0875 | M47: =AVERAGE(C28:C47) -> 0.0375 | N47: =AVERAGE(B23:B47) -> 0.09 | O47: =AVERAGE(C23:C47) -> 0.05 | P47: =AVERAGE(B18:B47) -> 0.11666667 | Q47: =AVERAGE(C18:C47) -> 0.05 | R47: =AVERAGE(B8:B47) -> 0.09375 | S47: =AVERAGE(C8:C47) -> 0.06875 | T47: =AVERAGE(B2:B47) -> 0.086956522 | U47: =AVERAGE(C2:C47) -> 0.070652174
A48: 47 | B48: 0.25 | C48: 0 | D48: =IF(A48>=$X$2,A48-$X$2+1,"") | E48: =IF(A48>=$X$3,A48-$X$3+1,"") | F48: =AVERAGE(B44:B48) -> 0.2 | G48: =AVERAGE(C44:C48) -> 0.1 | H48: =AVERAGE(B39:B48) -> 0.125 | I48: =AVERAGE(C39:C48) -> 0.05 | J48: =AVERAGE(B34:B48) -> 0.1 | K48: =AVERAGE(C34:C48) -> 0.05 | L48: =AVERAGE(B29:B48) -> 0.1 | M48: =AVERAGE(C29:C48) -> 0.0375 | N48: =AVERAGE(B24:B48) -> 0.09 | O48: =AVERAGE(C24:C48) -> 0.04 | P48: =AVERAGE(B19:B48) -> 0.10833333 | Q48: =AVERAGE(C19:C48) -> 0.05 | R48: =AVERAGE(B9:B48) -> 0.1 | S48: =AVERAGE(C9:C48) -> 0.06875 | T48: =AVERAGE(B2:B48) -> 0.090425532 | U48: =AVERAGE(C2:C48) -> 0.069148936
A49: 48 | B49: 0 | C49: 0 | D49: =IF(A49>=$X$2,A49-$X$2+1,"") | E49: =IF(A49>=$X$3,A49-$X$3+1,"") | F49: =AVERAGE(B45:B49) -> 0.2 | G49: =AVERAGE(C45:C49) -> 0.1 | H49: =AVERAGE(B40:B49) -> 0.1 | I49: =AVERAGE(C40:C49) -> 0.05 | J49: =AVERAGE(B35:B49) -> 0.1 | K49: =AVERAGE(C35:C49) -> 0.05 | L49: =AVERAGE(B30:B49) -> 0.1 | M49: =AVERAGE(C30:C49) -> 0.0375 | N49: =AVERAGE(B25:B49) -> 0.09 | O49: =AVERAGE(C25:C49) -> 0.03 | P49: =AVERAGE(B20:B49) -> 0.10833333 | Q49: =AVERAGE(C20:C49) -> 0.041666667 | R49: =AVERAGE(B10:B49) -> 0.1 | S49: =AVERAGE(C10:C49) -> 0.05 | T49: =AVERAGE(B2:B49) -> 0.088541667 | U49: =AVERAGE(C2:C49) -> 0.067708333
A50: 49 | B50: 0 | C50: 0 | D50: =IF(A50>=$X$2,A50-$X$2+1,"") | E50: =IF(A50>=$X$3,A50-$X$3+1,"") | F50: =AVERAGE(B46:B50) -> 0.2 | G50: =AVERAGE(C46:C50) -> 0.1 | H50: =AVERAGE(B41:B50) -> 0.1 | I50: =AVERAGE(C41:C50) -> 0.05 | J50: =AVERAGE(B36:B50) -> 0.1 | K50: =AVERAGE(C36:C50) -> 0.05 | L50: =AVERAGE(B31:B50) -> 0.1 | M50: =AVERAGE(C31:C50) -> 0.0375 | N50: =AVERAGE(B26:B50) -> 0.09 | O50: =AVERAGE(C26:C50) -> 0.03 | P50: =AVERAGE(B21:B50) -> 0.1 | Q50: =AVERAGE(C21:C50) -> 0.041666667 | R50: =AVERAGE(B11:B50) -> 0.1 | S50: =AVERAGE(C11:C50) -> 0.05 | T50: =AVERAGE(B2:B50) -> 0.086734694 | U50: =AVERAGE(C2:C50) -> 0.066326531
A51: 50 | B51: 0 | C51: 0 | D51: =IF(A51>=$X$2,A51-$X$2+1,"") | E51: =IF(A51>=$X$3,A51-$X$3+1,"") | F51: =AVERAGE(B47:B51) -> 0.1 | G51: =AVERAGE(C47:C51) -> 0.1 | H51: =AVERAGE(B42:B51) -> 0.1 | I51: =AVERAGE(C42:C51) -> 0.05 | J51: =AVERAGE(B37:B51) -> 0.1 | K51: =AVERAGE(C37:C51) -> 0.033333333 | L51: =AVERAGE(B32:B51) -> 0.0875 | M51: =AVERAGE(C32:C51) -> 0.0375 | N51: =AVERAGE(B27:B51) -> 0.09 | O51: =AVERAGE(C27:C51) -> 0.03 | P51: =AVERAGE(B22:B51) -> 0.083333333 | Q51: =AVERAGE(C22:C51) -> 0.041666667 | R51: =AVERAGE(B12:B51) -> 0.1 | S51: =AVERAGE(C12:C51) -> 0.05 | T51: =AVERAGE(B2:B51) -> 0.085 | U51: =AVERAGE(C2:C51) -> 0.065
A52: 51 | B52: 0 | C52: 0.25 | D52: =IF(A52>=$X$2,A52-$X$2+1,"") | E52: =IF(A52>=$X$3,A52-$X$3+1,"") | F52: =AVERAGE(B48:B52) -> 0.05 | G52: =AVERAGE(C48:C52) -> 0.05 | H52: =AVERAGE(B43:B52) -> 0.1 | I52: =AVERAGE(C43:C52) -> 0.075 | J52: =AVERAGE(B38:B52) -> 0.083333333 | K52: =AVERAGE(C38:C52) -> 0.05 | L52: =AVERAGE(B33:B52) -> 0.0875 | M52: =AVERAGE(C33:C52) -> 0.05 | N52: =AVERAGE(B28:B52) -> 0.08 | O52: =AVERAGE(C28:C52) -> 0.04 | P52: =AVERAGE(B23:B52) -> 0.083333333 | Q52: =AVERAGE(C23:C52) -> 0.05 | R52: =AVERAGE(B13:B52) -> 0.1 | S52: =AVERAGE(C13:C52) -> 0.05625 | T52: =AVERAGE(B3:B52) -> 0.085 | U52: =AVERAGE(C3:C52) -> 0.065
A53: 52 | B53: 0 | C53: 0 | D53: =IF(A53>=$X$2,A53-$X$2+1,"") | E53: =IF(A53>=$X$3,A53-$X$3+1,"") | F53: =AVERAGE(B49:B53) -> 0 | G53: =AVERAGE(C49:C53) -> 0.05 | H53: =AVERAGE(B44:B53) -> 0.1 | I53: =AVERAGE(C44:C53) -> 0.075 | J53: =AVERAGE(B39:B53) -> 0.083333333 | K53: =AVERAGE(C39:C53) -> 0.05 | L53: =AVERAGE(B34:B53) -> 0.075 | M53: =AVERAGE(C34:C53) -> 0.05 | N53: =AVERAGE(B29:B53) -> 0.08 | O53: =AVERAGE(C29:C53) -> 0.04 | P53: =AVERAGE(B24:B53) -> 0.075 | Q53: =AVERAGE(C24:C53) -> 0.041666667 | R53: =AVERAGE(B14:B53) -> 0.1 | S53: =AVERAGE(C14:C53) -> 0.05625 | T53: =AVERAGE(B4:B53) -> 0.085 | U53: =AVERAGE(C4:C53) -> 0.065
A54: 53 | B54: 0 | C54: 0 | D54: =IF(A54>=$X$2,A54-$X$2+1,"") | E54: =IF(A54>=$X$3,A54-$X$3+1,"") | F54: =AVERAGE(B50:B54) -> 0 | G54: =AVERAGE(C50:C54) -> 0.05 | H54: =AVERAGE(B45:B54) -> 0.1 | I54: =AVERAGE(C45:C54) -> 0.075 | J54: =AVERAGE(B40:B54) -> 0.066666667 | K54: =AVERAGE(C40:C54) -> 0.05 | L54: =AVERAGE(B35:B54) -> 0.075 | M54: =AVERAGE(C35:C54) -> 0.05 | N54: =AVERAGE(B30:B54) -> 0.08 | O54: =AVERAGE(C30:C54) -> 0.04 | P54: =AVERAGE(B25:B54) -> 0.075 | Q54: =AVERAGE(C25:C54) -> 0.033333333 | R54: =AVERAGE(B15:B54) -> 0.09375 | S54: =AVERAGE(C15:C54) -> 0.05625 | T54: =AVERAGE(B5:B54) -> 0.08 | U54: =AVERAGE(C5:C54) -> 0.065
A55: 54 | B55: 0.25 | C55: 0.25 | D55: =IF(A55>=$X$2,A55-$X$2+1,"") | E55: =IF(A55>=$X$3,A55-$X$3+1,"") | F55: =AVERAGE(B51:B55) -> 0.05 | G55: =AVERAGE(C51:C55) -> 0.1 | H55: =AVERAGE(B46:B55) -> 0.125 | I55: =AVERAGE(C46:C55) -> 0.1 | J55: =AVERAGE(B41:B55) -> 0.083333333 | K55: =AVERAGE(C41:C55) -> 0.066666667 | L55: =AVERAGE(B36:B55) -> 0.0875 | M55: =AVERAGE(C36:C55) -> 0.0625 | N55: =AVERAGE(B31:B55) -> 0.09 | O55: =AVERAGE(C31:C55) -> 0.05 | P55: =AVERAGE(B26:B55) -> 0.083333333 | Q55: =AVERAGE(C26:C55) -> 0.041666667 | R55: =AVERAGE(B16:B55) -> 0.1 | S55: =AVERAGE(C16:C55) -> 0.0625 | T55: =AVERAGE(B6:B55) -> 0.085 | U55: =AVERAGE(C6:C55) -> 0.065
A56: 55 | B56: 0.25 | C56: 0.25 | D56: =IF(A56>=$X$2,A56-$X$2+1,"") | E56: =IF(A56>=$X$3,A56-$X$3+1,"") | F56: =AVERAGE(B52:B56) -> 0.1 | G56: =AVERAGE(C52:C56) -> 0.15 | H56: =AVERAGE(B47:B56) -> 0.1 | I56: =AVERAGE(C47:C56) -> 0.125 | J56: =AVERAGE(B42:B56) -> 0.1 | K56: =AVERAGE(C42:C56) -> 0.083333333 | L56: =AVERAGE(B37:B56) -> 0.1 | M56: =AVERAGE(C37:C56) -> 0.0625 | N56: =AVERAGE(B32:B56) -> 0.09 | O56: =AVERAGE(C32:C56) -> 0.06 | P56: =AVERAGE(B27:B56) -> 0.091666667 | Q56: =AVERAGE(C27:C56) -> 0.05 | R56: =AVERAGE(B17:B56) -> 0.10625 | S56: =AVERAGE(C17:C56) -> 0.05625 | T56: =AVERAGE(B7:B56) -> 0.09 | U56: =AVERAGE(C7:C56) -> 0.07
A57: 56 | B57: 0 | C57: 0 | D57: =IF(A57>=$X$2,A57-$X$2+1,"") | E57: =IF(A57>=$X$3,A57-$X$3+1,"") | F57: =AVERAGE(B53:B57) -> 0.1 | G57: =AVERAGE(C53:C57) -> 0.1 | H57: =AVERAGE(B48:B57) -> 0.075 | I57: =AVERAGE(C48:C57) -> 0.075 | J57: =AVERAGE(B43:B57) -> 0.1 | K57: =AVERAGE(C43:C57) -> 0.083333333 | L57: =AVERAGE(B38:B57) -> 0.0875 | M57: =AVERAGE(C38:C57) -> 0.0625 | N57: =AVERAGE(B33:B57) -> 0.09 | O57: =AVERAGE(C33:C57) -> 0.06 | P57: =AVERAGE(B28:B57) -> 0.083333333 | Q57: =AVERAGE(C28:C57) -> 0.05 | R57: =AVERAGE(B18:B57) -> 0.10625 | S57: =AVERAGE(C18:C57) -> 0.05625 | T57: =AVERAGE(B8:B57) -> 0.09 | U57: =AVERAGE(C8:C57) -> 0.07
A58: 57 | B58: 0 | C58: 0.25 | D58: =IF(A58>=$X$2,A58-$X$2+1,"") | E58: =IF(A58>=$X$3,A58-$X$3+1,"") | F58: =AVERAGE(B54:B58) -> 0.1 | G58: =AVERAGE(C54:C58) -> 0.15 | H58: =AVERAGE(B49:B58) -> 0.05 | I58: =AVERAGE(C49:C58) -> 0.1 | J58: =AVERAGE(B44:B58) -> 0.1 | K58: =AVERAGE(C44:C58) -> 0.1 | L58: =AVERAGE(B39:B58) -> 0.0875 | M58: =AVERAGE(C39:C58) -> 0.075 | N58: =AVERAGE(B34:B58) -> 0.08 | O58: =AVERAGE(C34:C58) -> 0.07 | P58: =AVERAGE(B29:B58) -> 0.083333333 | Q58: =AVERAGE(C29:C58) -> 0.058333333 | R58: =AVERAGE(B19:B58) -> 0.09375 | S58: =AVERAGE(C19:C58) -> 0.0625 | T58: =AVERAGE(B9:B58) -> 0.09 | U58: =AVERAGE(C9:C58) -> 0.075
A59: 58 | B59: 0.25 | C59: 0 | D59: =IF(A59>=$X$2,A59-$X$2+1,"") | E59: =IF(A59>=$X$3,A59-$X$3+1,"") | F59: =AVERAGE(B55:B59) -> 0.15 | G59: =AVERAGE(C55:C59) -> 0.15 | H59: =AVERAGE(B50:B59) -> 0.075 | I59: =AVERAGE(C50:C59) -> 0.1 | J59: =AVERAGE(B45:B59) -> 0.11666667 | K59: =AVERAGE(C45:C59) -> 0.1 | L59: =AVERAGE(B40:B59) -> 0.0875 | M59: =AVERAGE(C40:C59) -> 0.075 | N59: =AVERAGE(B35:B59) -> 0.09 | O59: =AVERAGE(C35:C59) -> 0.07 | P59: =AVERAGE(B30:B59) -> 0.091666667 | Q59: =AVERAGE(C30:C59) -> 0.058333333 | R59: =AVERAGE(B20:B59) -> 0.1 | S59: =AVERAGE(C20:C59) -> 0.05625 | T59: =AVERAGE(B10:B59) -> 0.095 | U59: =AVERAGE(C10:C59) -> 0.06
A60: 59 | B60: 0 | C60: 0 | D60: =IF(A60>=$X$2,A60-$X$2+1,"") | E60: =IF(A60>=$X$3,A60-$X$3+1,"") | F60: =AVERAGE(B56:B60) -> 0.1 | G60: =AVERAGE(C56:C60) -> 0.1 | H60: =AVERAGE(B51:B60) -> 0.075 | I60: =AVERAGE(C51:C60) -> 0.1 | J60: =AVERAGE(B46:B60) -> 0.11666667 | K60: =AVERAGE(C46:C60) -> 0.1 | L60: =AVERAGE(B41:B60) -> 0.0875 | M60: =AVERAGE(C41:C60) -> 0.075 | N60: =AVERAGE(B36:B60) -> 0.09 | O60: =AVERAGE(C36:C60) -> 0.07 | P60: =AVERAGE(B31:B60) -> 0.091666667 | Q60: =AVERAGE(C31:C60) -> 0.058333333 | R60: =AVERAGE(B21:B60) -> 0.09375 | S60: =AVERAGE(C21:C60) -> 0.05625 | T60: =AVERAGE(B11:B60) -> 0.095 | U60: =AVERAGE(C11:C60) -> 0.06
A61: 60 | B61: 0 | C61: 0 | D61: =IF(A61>=$X$2,A61-$X$2+1,"") | E61: =IF(A61>=$X$3,A61-$X$3+1,"") | F61: =AVERAGE(B57:B61) -> 0.05 | G61: =AVERAGE(C57:C61) -> 0.05 | H61: =AVERAGE(B52:B61) -> 0.075 | I61: =AVERAGE(C52:C61) -> 0.1 | J61: =AVERAGE(B47:B61) -> 0.083333333 | K61: =AVERAGE(C47:C61) -> 0.1 | L61: =AVERAGE(B42:B61) -> 0.0875 | M61: =AVERAGE(C42:C61) -> 0.075 | N61: =AVERAGE(B37:B61) -> 0.09 | O61: =AVERAGE(C37:C61) -> 0.06 | P61: =AVERAGE(B32:B61) -> 0.083333333 | Q61: =AVERAGE(C32:C61) -> 0.058333333 | R61: =AVERAGE(B22:B61) -> 0.08125 | S61: =AVERAGE(C22:C61) -> 0.05625 | T61: =AVERAGE(B12:B61) -> 0.095 | U61: =AVERAGE(C12:C61) -> 0.06
A62: 61 | B62: 0 | C62: 0 | D62: =IF(A62>=$X$2,A62-$X$2+1,"") | E62: =IF(A62>=$X$3,A62-$X$3+1,"") | F62: =AVERAGE(B58:B62) -> 0.05 | G62: =AVERAGE(C58:C62) -> 0.05 | H62: =AVERAGE(B53:B62) -> 0.075 | I62: =AVERAGE(C53:C62) -> 0.075 | J62: =AVERAGE(B48:B62) -> 0.066666667 | K62: =AVERAGE(C48:C62) -> 0.066666667 | L62: =AVERAGE(B43:B62) -> 0.0875 | M62: =AVERAGE(C43:C62) -> 0.075 | N62: =AVERAGE(B38:B62) -> 0.08 | O62: =AVERAGE(C38:C62) -> 0.06 | P62: =AVERAGE(B33:B62) -> 0.083333333 | Q62: =AVERAGE(C33:C62) -> 0.058333333 | R62: =AVERAGE(B23:B62) -> 0.08125 | S62: =AVERAGE(C23:C62) -> 0.05625 | T62: =AVERAGE(B13:B62) -> 0.095 | U62: =AVERAGE(C13:C62) -> 0.06
... A801: 800 | B801: 1 | C801: 1 | D801: =IF(A801>=$X$2,A801-$X$2+1,"") -> 656 | E801: =IF(A801>=$X$3,A801-$X$3+1,"") -> 655 | F801: =AVERAGE(B797:B801) -> 1 | G801: =AVERAGE(C797:C801) -> 1 | H801: =AVERAGE(B792:B801) -> 1 | I801: =AVERAGE(C792:C801) -> 1 | J801: =AVERAGE(B787:B801) -> 1 | K801: =AVERAGE(C787:C801) -> 1 | L801: =AVERAGE(B782:B801) -> 1 | M801: =AVERAGE(C782:C801) -> 0.9875 | N801: =AVERAGE(B777:B801) -> 1 | O801: =AVERAGE(C777:C801) -> 0.99 | P801: =AVERAGE(B772:B801) -> 1 | Q801: =AVERAGE(C772:C801) -> 0.99166667 | R801: =AVERAGE(B762:B801) -> 1 | S801: =AVERAGE(C762:C801) -> 0.9875 | T801: =AVERAGE(B752:B801) -> 1 | U801: =AVERAGE(C752:C801) -> 0.98

Sheet 采样效率 0920
A1: MA Window | B1: Target SR | C1: Clean Steps | D1: DVCA Steps | E1: Fewer Steps | F1: Clean Episodes | G1: DVCA Episodes | H1: Episode Reduction
A2: 5 | B2: 0.85 | C2: =_xlfn.MINIFS('π0.5 RLT 0920'!$A$2:$A$801,'π0.5 RLT 0920'!$F$2:$F$801,">="&B2,'π0.5 RLT 0920'!$A$2:$A$801,">="&145)-145+1 -> 18 | D2: =_xlfn.MINIFS('π0.5 RLT 0920'!$A$2:$A$801,'π0.5 RLT 0920'!$G$2:$G$801,">="&B2,'π0.5 RLT 0920'!$A$2:$A$801,">="&146)-146+1 -> 20 | E2: =1-D2/C2 -> -0.11111111 | F2: =C2*'π0.5 RLT 0920'!$X$4 -> 72 | G2: =D2*'π0.5 RLT 0920'!$X$4 -> 80 | H2: =1-G2/F2 -> -0.11111111
A3: 5 | B3: 0.9 | C3: =_xlfn.MINIFS('π0.5 RLT 0920'!$A$2:$A$801,'π0.5 RLT 0920'!$F$2:$F$801,">="&B3,'π0.5 RLT 0920'!$A$2:$A$801,">="&145)-145+1 -> 19 | D3: =_xlfn.MINIFS('π0.5 RLT 0920'!$A$2:$A$801,'π0.5 RLT 0920'!$G$2:$G$801,">="&B3,'π0.5 RLT 0920'!$A$2:$A$801,">="&146)-146+1 -> 20 | E3: =1-D3/C3 -> -0.052631579 | F3: =C3*'π0.5 RLT 0920'!$X$4 -> 76 | G3: =D3*'π0.5 RLT 0920'!$X$4 -> 80 | H3: =1-G3/F3 -> -0.052631579
A4: 5 | B4: 0.95 | C4: =_xlfn.MINIFS('π0.5 RLT 0920'!$A$2:$A$801,'π0.5 RLT 0920'!$F$2:$F$801,">="&B4,'π0.5 RLT 0920'!$A$2:$A$801,">="&145)-145+1 -> 21 | D4: =_xlfn.MINIFS('π0.5 RLT 0920'!$A$2:$A$801,'π0.5 RLT 0920'!$G$2:$G$801,">="&B4,'π0.5 RLT 0920'!$A$2:$A$801,">="&146)-146+1 -> 23 | E4: =1-D4/C4 -> -0.095238095 | F4: =C4*'π0.5 RLT 0920'!$X$4 -> 84 | G4: =D4*'π0.5 RLT 0920'!$X$4 -> 92 | H4: =1-G4/F4 -> -0.095238095
A5: 10 | B5: 0.85 | C5: =_xlfn.MINIFS('π0.5 RLT 0920'!$A$2:$A$801,'π0.5 RLT 0920'!$H$2:$H$801,">="&B5,'π0.5 RLT 0920'!$A$2:$A$801,">="&145)-145+1 -> 21 | D5: =_xlfn.MINIFS('π0.5 RLT 0920'!$A$2:$A$801,'π0.5 RLT 0920'!$I$2:$I$801,">="&B5,'π0.5 RLT 0920'!$A$2:$A$801,">="&146)-146+1 -> 24 | E5: =1-D5/C5 -> -0.14285714 | F5: =C5*'π0.5 RLT 0920'!$X$4 -> 84 | G5: =D5*'π0.5 RLT 0920'!$X$4 -> 96 | H5: =1-G5/F5 -> -0.14285714
A6: 10 | B6: 0.9 | C6: =_xlfn.MINIFS('π0.5 RLT 0920'!$A$2:$A$801,'π0.5 RLT 0920'!$H$2:$H$801,">="&B6,'π0.5 RLT 0920'!$A$2:$A$801,">="&145)-145+1 -> 70 | D6: =_xlfn.MINIFS('π0.5 RLT 0920'!$A$2:$A$801,'π0.5 RLT 0920'!$I$2:$I$801,">="&B6,'π0.5 RLT 0920'!$A$2:$A$801,">="&146)-146+1 -> 25 | E6: =1-D6/C6 -> 0.64285714 | F6: =C6*'π0.5 RLT 0920'!$X$4 -> 280 | G6: =D6*'π0.5 RLT 0920'!$X$4 -> 100 | H6: =1-G6/F6 -> 0.64285714
A7: 10 | B7: 0.95 | C7: =_xlfn.MINIFS('π0.5 RLT 0920'!$A$2:$A$801,'π0.5 RLT 0920'!$H$2:$H$801,">="&B7,'π0.5 RLT 0920'!$A$2:$A$801,">="&145)-145+1 -> 84 | D7: =_xlfn.MINIFS('π0.5 RLT 0920'!$A$2:$A$801,'π0.5 RLT 0920'!$I$2:$I$801,">="&B7,'π0.5 RLT 0920'!$A$2:$A$801,">="&146)-146+1 -> 26 | E7: =1-D7/C7 -> 0.69047619 | F7: =C7*'π0.5 RLT 0920'!$X$4 -> 336 | G7: =D7*'π0.5 RLT 0920'!$X$4 -> 104 | H7: =1-G7/F7 -> 0.69047619
A8: 15 | B8: 0.85 | C8: =_xlfn.MINIFS('π0.5 RLT 0920'!$A$2:$A$801,'π0.5 RLT 0920'!$J$2:$J$801,">="&B8,'π0.5 RLT 0920'!$A$2:$A$801,">="&145)-145+1 -> 31 | D8: =_xlfn.MINIFS('π0.5 RLT 0920'!$A$2:$A$801,'π0.5 RLT 0920'!$K$2:$K$801,">="&B8,'π0.5 RLT 0920'!$A$2:$A$801,">="&146)-146+1 -> 27 | E8: =1-D8/C8 -> 0.12903226 | F8: =C8*'π0.5 RLT 0920'!$X$4 -> 124 | G8: =D8*'π0.5 RLT 0920'!$X$4 -> 108 | H8: =1-G8/F8 -> 0.12903226
A9: 15 | B9: 0.9 | C9: =_xlfn.MINIFS('π0.5 RLT 0920'!$A$2:$A$801,'π0.5 RLT 0920'!$J$2:$J$801,">="&B9,'π0.5 RLT 0920'!$A$2:$A$801,">="&145)-145+1 -> 77 | D9: =_xlfn.MINIFS('π0.5 RLT 0920'!$A$2:$A$801,'π0.5 RLT 0920'!$K$2:$K$801,">="&B9,'π0.5 RLT 0920'!$A$2:$A$801,">="&146)-146+1 -> 29 | E9: =1-D9/C9 -> 0.62337662 | F9: =C9*'π0.5 RLT 0920'!$X$4 -> 308 | G9: =D9*'π0.5 RLT 0920'!$X$4 -> 116 | H9: =1-G9/F9 -> 0.62337662
A10: 15 | B10: 0.95 | C10: =_xlfn.MINIFS('π0.5 RLT 0920'!$A$2:$A$801,'π0.5 RLT 0920'!$J$2:$J$801,">="&B10,'π0.5 RLT 0920'!$A$2:$A$801,">="&145)-145+1 -> 103 | D10: =_xlfn.MINIFS('π0.5 RLT 0920'!$A$2:$A$801,'π0.5 RLT 0920'!$K$2:$K$801,">="&B10,'π0.5 RLT 0920'!$A$2:$A$801,">="&146)-146+1 -> 30 | E10: =1-D10/C10 -> 0.70873786 | F10: =C10*'π0.5 RLT 0920'!$X$4 -> 412 | G10: =D10*'π0.5 RLT 0920'!$X$4 -> 120 | H10: =1-G10/F10 -> 0.70873786
A11: 20 | B11: 0.85 | C11: =_xlfn.MINIFS('π0.5 RLT 0920'!$A$2:$A$801,'π0.5 RLT 0920'!$L$2:$L$801,">="&B11,'π0.5 RLT 0920'!$A$2:$A$801,">="&145)-145+1 -> 70 | D11: =_xlfn.MINIFS('π0.5 RLT 0920'!$A$2:$A$801,'π0.5 RLT 0920'!$M$2:$M$801,">="&B11,'π0.5 RLT 0920'!$A$2:$A$801,">="&146)-146+1 -> 31 | E11: =1-D11/C11 -> 0.55714286 | F11: =C11*'π0.5 RLT 0920'!$X$4 -> 280 | G11: =D11*'π0.5 RLT 0920'!$X$4 -> 124 | H11: =1-G11/F11 -> 0.55714286
A12: 20 | B12: 0.9 | C12: =_xlfn.MINIFS('π0.5 RLT 0920'!$A$2:$A$801,'π0.5 RLT 0920'!$L$2:$L$801,">="&B12,'π0.5 RLT 0920'!$A$2:$A$801,">="&145)-145+1 -> 80 | D12: =_xlfn.MINIFS('π0.5 RLT 0920'!$A$2:$A$801,'π0.5 RLT 0920'!$M$2:$M$801,">="&B12,'π0.5 RLT 0920'!$A$2:$A$801,">="&146)-146+1 -> 32 | E12: =1-D12/C12 -> 0.6 | F12: =C12*'π0.5 RLT 0920'!$X$4 -> 320 | G12: =D12*'π0.5 RLT 0920'!$X$4 -> 128 | H12: =1-G12/F12 -> 0.6
A13: 20 | B13: 0.95 | C13: =_xlfn.MINIFS('π0.5 RLT 0920'!$A$2:$A$801,'π0.5 RLT 0920'!$L$2:$L$801,">="&B13,'π0.5 RLT 0920'!$A$2:$A$801,">="&145)-145+1 -> 150 | D13: =_xlfn.MINIFS('π0.5 RLT 0920'!$A$2:$A$801,'π0.5 RLT 0920'!$M$2:$M$801,">="&B13,'π0.5 RLT 0920'!$A$2:$A$801,">="&146)-146+1 -> 35 | E13: =1-D13/C13 -> 0.76666667 | F13: =C13*'π0.5 RLT 0920'!$X$4 -> 600 | G13: =D13*'π0.5 RLT 0920'!$X$4 -> 140 | H13: =1-G13/F13 -> 0.76666667
A14: 25 | B14: 0.85 | C14: =_xlfn.MINIFS('π0.5 RLT 0920'!$A$2:$A$801,'π0.5 RLT 0920'!$N$2:$N$801,">="&B14,'π0.5 RLT 0920'!$A$2:$A$801,">="&145)-145+1 -> 41 | D14: =_xlfn.MINIFS('π0.5 RLT 0920'!$A$2:$A$801,'π0.5 RLT 0920'!$O$2:$O$801,">="&B14,'π0.5 RLT 0920'!$A$2:$A$801,">="&146)-146+1 -> 34 | E14: =1-D14/C14 -> 0.17073171 | F14: =C14*'π0.5 RLT 0920'!$X$4 -> 164 | G14: =D14*'π0.5 RLT 0920'!$X$4 -> 136 | H14: =1-G14/F14 -> 0.17073171
A15: 25 | B15: 0.9 | C15: =_xlfn.MINIFS('π0.5 RLT 0920'!$A$2:$A$801,'π0.5 RLT 0920'!$N$2:$N$801,">="&B15,'π0.5 RLT 0920'!$A$2:$A$801,">="&145)-145+1 -> 82 | D15: =_xlfn.MINIFS('π0.5 RLT 0920'!$A$2:$A$801,'π0.5 RLT 0920'!$O$2:$O$801,">="&B15,'π0.5 RLT 0920'!$A$2:$A$801,">="&146)-146+1 -> 36 | E15: =1-D15/C15 -> 0.56097561 | F15: =C15*'π0.5 RLT 0920'!$X$4 -> 328 | G15: =D15*'π0.5 RLT 0920'!$X$4 -> 144 | H15: =1-G15/F15 -> 0.56097561
A16: 25 | B16: 0.95 | C16: =_xlfn.MINIFS('π0.5 RLT 0920'!$A$2:$A$801,'π0.5 RLT 0920'!$N$2:$N$801,">="&B16,'π0.5 RLT 0920'!$A$2:$A$801,">="&145)-145+1 -> 151 | D16: =_xlfn.MINIFS('π0.5 RLT 0920'!$A$2:$A$801,'π0.5 RLT 0920'!$O$2:$O$801,">="&B16,'π0.5 RLT 0920'!$A$2:$A$801,">="&146)-146+1 -> 40 | E16: =1-D16/C16 -> 0.73509934 | F16: =C16*'π0.5 RLT 0920'!$X$4 -> 604 | G16: =D16*'π0.5 RLT 0920'!$X$4 -> 160 | H16: =1-G16/F16 -> 0.73509934
A17: 30 | B17: 0.85 | C17: =_xlfn.MINIFS('π0.5 RLT 0920'!$A$2:$A$801,'π0.5 RLT 0920'!$P$2:$P$801,">="&B17,'π0.5 RLT 0920'!$A$2:$A$801,">="&145)-145+1 -> 79 | D17: =_xlfn.MINIFS('π0.5 RLT 0920'!$A$2:$A$801,'π0.5 RLT 0920'!$Q$2:$Q$801,">="&B17,'π0.5 RLT 0920'!$A$2:$A$801,">="&146)-146+1 -> 39 | E17: =1-D17/C17 -> 0.50632911 | F17: =C17*'π0.5 RLT 0920'!$X$4 -> 316 | G17: =D17*'π0.5 RLT 0920'!$X$4 -> 156 | H17: =1-G17/F17 -> 0.50632911
A18: 30 | B18: 0.9 | C18: =_xlfn.MINIFS('π0.5 RLT 0920'!$A$2:$A$801,'π0.5 RLT 0920'!$P$2:$P$801,">="&B18,'π0.5 RLT 0920'!$A$2:$A$801,">="&145)-145+1 -> 94 | D18: =_xlfn.MINIFS('π0.5 RLT 0920'!$A$2:$A$801,'π0.5 RLT 0920'!$Q$2:$Q$801,">="&B18,'π0.5 RLT 0920'!$A$2:$A$801,">="&146)-146+1 -> 41 | E18: =1-D18/C18 -> 0.56382979 | F18: =C18*'π0.5 RLT 0920'!$X$4 -> 376 | G18: =D18*'π0.5 RLT 0920'!$X$4 -> 164 | H18: =1-G18/F18 -> 0.56382979
A19: 30 | B19: 0.95 | C19: =_xlfn.MINIFS('π0.5 RLT 0920'!$A$2:$A$801,'π0.5 RLT 0920'!$P$2:$P$801,">="&B19,'π0.5 RLT 0920'!$A$2:$A$801,">="&145)-145+1 -> 156 | D19: =_xlfn.MINIFS('π0.5 RLT 0920'!$A$2:$A$801,'π0.5 RLT 0920'!$Q$2:$Q$801,">="&B19,'π0.5 RLT 0920'!$A$2:$A$801,">="&146)-146+1 -> 45 | E19: =1-D19/C19 -> 0.71153846 | F19: =C19*'π0.5 RLT 0920'!$X$4 -> 624 | G19: =D19*'π0.5 RLT 0920'!$X$4 -> 180 | H19: =1-G19/F19 -> 0.71153846
A20: 40 | B20: 0.85 | C20: =_xlfn.MINIFS('π0.5 RLT 0920'!$A$2:$A$801,'π0.5 RLT 0920'!$R$2:$R$801,">="&B20,'π0.5 RLT 0920'!$A$2:$A$801,">="&145)-145+1 -> 83 | D20: =_xlfn.MINIFS('π0.5 RLT 0920'!$A$2:$A$801,'π0.5 RLT 0920'!$S$2:$S$801,">="&B20,'π0.5 RLT 0920'!$A$2:$A$801,">="&146)-146+1 -> 46 | E20: =1-D20/C20 -> 0.44578313 | F20: =C20*'π0.5 RLT 0920'!$X$4 -> 332 | G20: =D20*'π0.5 RLT 0920'!$X$4 -> 184 | H20: =1-G20/F20 -> 0.44578313
A21: 40 | B21: 0.9 | C21: =_xlfn.MINIFS('π0.5 RLT 0920'!$A$2:$A$801,'π0.5 RLT 0920'!$R$2:$R$801,">="&B21,'π0.5 RLT 0920'!$A$2:$A$801,">="&145)-145+1 -> 99 | D21: =_xlfn.MINIFS('π0.5 RLT 0920'!$A$2:$A$801,'π0.5 RLT 0920'!$S$2:$S$801,">="&B21,'π0.5 RLT 0920'!$A$2:$A$801,">="&146)-146+1 -> 50 | E21: =1-D21/C21 -> 0.49494949 | F21: =C21*'π0.5 RLT 0920'!$X$4 -> 396 | G21: =D21*'π0.5 RLT 0920'!$X$4 -> 200 | H21: =1-G21/F21 -> 0.49494949
A22: 40 | B22: 0.95 | C22: =_xlfn.MINIFS('π0.5 RLT 0920'!$A$2:$A$801,'π0.5 RLT 0920'!$R$2:$R$801,">="&B22,'π0.5 RLT 0920'!$A$2:$A$801,">="&145)-145+1 -> 176 | D22: =_xlfn.MINIFS('π0.5 RLT 0920'!$A$2:$A$801,'π0.5 RLT 0920'!$S$2:$S$801,">="&B22,'π0.5 RLT 0920'!$A$2:$A$801,">="&146)-146+1 -> 55 | E22: =1-D22/C22 -> 0.6875 | F22: =C22*'π0.5 RLT 0920'!$X$4 -> 704 | G22: =D22*'π0.5 RLT 0920'!$X$4 -> 220 | H22: =1-G22/F22 -> 0.6875
A23: 50 | B23: 0.85 | C23: =_xlfn.MINIFS('π0.5 RLT 0920'!$A$2:$A$801,'π0.5 RLT 0920'!$T$2:$T$801,">="&B23,'π0.5 RLT 0920'!$A$2:$A$801,">="&145)-145+1 -> 83 | D23: =_xlfn.MINIFS('π0.5 RLT 0920'!$A$2:$A$801,'π0.5 RLT 0920'!$U$2:$U$801,">="&B23,'π0.5 RLT 0920'!$A$2:$A$801,">="&146)-146+1 -> 53 | E23: =1-D23/C23 -> 0.36144578 | F23: =C23*'π0.5 RLT 0920'!$X$4 -> 332 | G23: =D23*'π0.5 RLT 0920'!$X$4 -> 212 | H23: =1-G23/F23 -> 0.36144578
A24: 50 | B24: 0.9 | C24: =_xlfn.MINIFS('π0.5 RLT 0920'!$A$2:$A$801,'π0.5 RLT 0920'!$T$2:$T$801,">="&B24,'π0.5 RLT 0920'!$A$2:$A$801,">="&145)-145+1 -> 110 | D24: =_xlfn.MINIFS('π0.5 RLT 0920'!$A$2:$A$801,'π0.5 RLT 0920'!$U$2:$U$801,">="&B24,'π0.5 RLT 0920'!$A$2:$A$801,">="&146)-146+1 -> 59 | E24: =1-D24/C24 -> 0.46363636 | F24: =C24*'π0.5 RLT 0920'!$X$4 -> 440 | G24: =D24*'π0.5 RLT 0920'!$X$4 -> 236 | H24: =1-G24/F24 -> 0.46363636
A25: 50 | B25: 0.95 | C25: =_xlfn.MINIFS('π0.5 RLT 0920'!$A$2:$A$801,'π0.5 RLT 0920'!$T$2:$T$801,">="&B25,'π0.5 RLT 0920'!$A$2:$A$801,">="&145)-145+1 -> 185 | D25: =_xlfn.MINIFS('π0.5 RLT 0920'!$A$2:$A$801,'π0.5 RLT 0920'!$U$2:$U$801,">="&B25,'π0.5 RLT 0920'!$A$2:$A$801,">="&146)-146+1 -> 65 | E25: =1-D25/C25 -> 0.64864865 | F25: =C25*'π0.5 RLT 0920'!$X$4 -> 740 | G25: =D25*'π0.5 RLT 0920'!$X$4 -> 260 | H25: =1-G25/F25 -> 0.64864865
A28: First threshold crossing after student participation; student rounds are numbered from 1.

Sheet 消融实验 0921
A1: Run | B1: τ | C1: Dropout | D1: Annealing | E1: Student start | F1: Last round | G1: Records | H1: Source run
A2: t05 | B2: 0.5 | C2: 0 | D2: 0 | E2: 145 | F2: 500 | G2: 500 | H2: /data/chenyiteng/results/rlinf-rlt/pi05-rlt-t05-notricks-clean4-800-phys4-20260920-v1
A3: t1 | B3: 1 | C3: 0 | D3: 0 | E3: 146 | F3: 499 | G3: 499 | H3: /data/chenyiteng/results/rlinf-rlt/pi05-rlt-t1-notricks-clean4-800-phys5-20260920-v1
A4: t15 | B4: 1.5 | C4: 0 | D4: 0 | E4: 145 | F4: 515 | G4: 515 | H4: /data/chenyiteng/results/rlinf-rlt/pi05-rlt-t15-notricks-clean4-800-phys6-20260920-v1
A5: t2 | B5: 2 | C5: 0 | D5: 0 | E5: 145 | F5: 355 | G5: 355 | H5: /data/chenyiteng/results/rlinf-rlt/pi05-rlt-t2-notricks-clean4-800-phys4-20260920-v1
A6: t25 | B6: 2.5 | C6: 0 | D6: 0 | E6: 145 | F6: 348 | G6: 348 | H6: /data/chenyiteng/results/rlinf-rlt/pi05-rlt-t25-notricks-clean4-800-phys5-20260920-v1
A7: t3 | B7: 3 | C7: 0 | D7: 0 | E7: 146 | F7: 508 | G7: 508 | H7: /data/chenyiteng/results/rlinf-rlt/pi05-rlt-t3-notricks-clean4-800-phys7-20260920-v1
A8: t25-combo | B8: 2.5 | C8: 1 | D8: 1 | E8: 146 | F8: 800 | G8: 800 | H8: /data/chenyiteng/results/rlinf-rlt/pi05-rlt-combo-clean4-800-20260919-v1
A9: t25-anneal | B9: 2.5 | C9: 0 | D9: 1 | E9: 146 | F9: 440 | G9: 440 | H9: /data/chenyiteng/results/rlinf-rlt/pi05-rlt-t25-anneal-clean4-800-phys7-20260920-v1
A10: t25-drop | B10: 2.5 | C10: 1 | D10: 0 | E10: 146 | F10: 429 | G10: 429 | H10: /data/chenyiteng/results/rlinf-rlt/pi05-rlt-t25-drop-clean4-800-phys6-20260920-v1
A13: Metric | B13: env/success_once
A14: Smoothing | B14: Trailing mean on full history; min_periods=1; then crop from first student participation
A15: Display | B15: τ: first 200 student steps; tricks: first 200 student steps
A16: Archive | B16: pi05-rlt4-bottle-family-20260921.zip
A19: Panel | B19: Window | C19: Run | D19: Peak SR | E19: First peak step
A20: tau | B20: 5 | C20: t05 | D20: =MAX('消融平滑 0921'!D146:D345) -> 1 | E20: =MATCH(MAX('消融平滑 0921'!D146:D345),'消融平滑 0921'!D146:D345,0) -> 53
A21: tau | B21: 5 | C21: t1 | D21: =MAX('消融平滑 0921'!D647:D846) -> 1 | E21: =MATCH(MAX('消融平滑 0921'!D647:D846),'消融平滑 0921'!D647:D846,0) -> 29
A22: tau | B22: 5 | C22: t15 | D22: =MAX('消融平滑 0921'!D1145:D1344) -> 1 | E22: =MATCH(MAX('消融平滑 0921'!D1145:D1344),'消融平滑 0921'!D1145:D1344,0) -> 34
A23: tau | B23: 5 | C23: t2 | D23: =MAX('消融平滑 0921'!D1660:D1859) -> 1 | E23: =MATCH(MAX('消融平滑 0921'!D1660:D1859),'消融平滑 0921'!D1660:D1859,0) -> 45
A24: tau | B24: 5 | C24: t25 | D24: =MAX('消融平滑 0921'!D2015:D2214) -> 1 | E24: =MATCH(MAX('消融平滑 0921'!D2015:D2214),'消融平滑 0921'!D2015:D2214,0) -> 79
A25: tau | B25: 5 | C25: t3 | D25: =MAX('消融平滑 0921'!D2364:D2563) -> 1 | E25: =MATCH(MAX('消融平滑 0921'!D2364:D2563),'消融平滑 0921'!D2364:D2563,0) -> 52
A26: tau | B26: 10 | C26: t05 | D26: =MAX('消融平滑 0921'!E146:E345) -> 1 | E26: =MATCH(MAX('消融平滑 0921'!E146:E345),'消融平滑 0921'!E146:E345,0) -> 58
A27: tau | B27: 10 | C27: t1 | D27: =MAX('消融平滑 0921'!E647:E846) -> 1 | E27: =MATCH(MAX('消融平滑 0921'!E647:E846),'消融平滑 0921'!E647:E846,0) -> 127
A28: tau | B28: 10 | C28: t15 | D28: =MAX('消融平滑 0921'!E1145:E1344) -> 1 | E28: =MATCH(MAX('消融平滑 0921'!E1145:E1344),'消融平滑 0921'!E1145:E1344,0) -> 49
A29: tau | B29: 10 | C29: t2 | D29: =MAX('消融平滑 0921'!E1660:E1859) -> 1 | E29: =MATCH(MAX('消融平滑 0921'!E1660:E1859),'消融平滑 0921'!E1660:E1859,0) -> 50
A30: tau | B30: 10 | C30: t25 | D30: =MAX('消融平滑 0921'!E2015:E2214) -> 1 | E30: =MATCH(MAX('消融平滑 0921'!E2015:E2214),'消融平滑 0921'!E2015:E2214,0) -> 170
A31: tau | B31: 10 | C31: t3 | D31: =MAX('消融平滑 0921'!E2364:E2563) -> 1 | E31: =MATCH(MAX('消融平滑 0921'!E2364:E2563),'消融平滑 0921'!E2364:E2563,0) -> 65
A32: tau | B32: 15 | C32: t05 | D32: =MAX('消融平滑 0921'!F146:F345) -> 1 | E32: =MATCH(MAX('消融平滑 0921'!F146:F345),'消融平滑 0921'!F146:F345,0) -> 63
A33: tau | B33: 15 | C33: t1 | D33: =MAX('消融平滑 0921'!F647:F846) -> 0.98333333 | E33: =MATCH(MAX('消融平滑 0921'!F647:F846),'消融平滑 0921'!F647:F846,0) -> 132
A34: tau | B34: 15 | C34: t15 | D34: =MAX('消融平滑 0921'!F1145:F1344) -> 1 | E34: =MATCH(MAX('消融平滑 0921'!F1145:F1344),'消融平滑 0921'!F1145:F1344,0) -> 54
A35: tau | B35: 15 | C35: t2 | D35: =MAX('消融平滑 0921'!F1660:F1859) -> 1 | E35: =MATCH(MAX('消融平滑 0921'!F1660:F1859),'消融平滑 0921'!F1660:F1859,0) -> 76
A36: tau | B36: 15 | C36: t25 | D36: =MAX('消融平滑 0921'!F2015:F2214) -> 1 | E36: =MATCH(MAX('消融平滑 0921'!F2015:F2214),'消融平滑 0921'!F2015:F2214,0) -> 175
A37: tau | B37: 15 | C37: t3 | D37: =MAX('消融平滑 0921'!F2364:F2563) -> 0.98333333 | E37: =MATCH(MAX('消融平滑 0921'!F2364:F2563),'消融平滑 0921'!F2364:F2563,0) -> 69
A38: tau | B38: 20 | C38: t05 | D38: =MAX('消融平滑 0921'!G146:G345) -> 1 | E38: =MATCH(MAX('消融平滑 0921'!G146:G345),'消融平滑 0921'!G146:G345,0) -> 68
A39: tau | B39: 20 | C39: t1 | D39: =MAX('消融平滑 0921'!G647:G846) -> 0.9875 | E39: =MATCH(MAX('消融平滑 0921'!G647:G846),'消融平滑 0921'!G647:G846,0) -> 199
A40: tau | B40: 20 | C40: t15 | D40: =MAX('消融平滑 0921'!G1145:G1344) -> 1 | E40: =MATCH(MAX('消融平滑 0921'!G1145:G1344),'消融平滑 0921'!G1145:G1344,0) -> 59
A41: tau | B41: 20 | C41: t2 | D41: =MAX('消融平滑 0921'!G1660:G1859) -> 1 | E41: =MATCH(MAX('消融平滑 0921'!G1660:G1859),'消融平滑 0921'!G1660:G1859,0) -> 81
A42: tau | B42: 20 | C42: t25 | D42: =MAX('消融平滑 0921'!G2015:G2214) -> 0.975 | E42: =MATCH(MAX('消融平滑 0921'!G2015:G2214),'消融平滑 0921'!G2015:G2214,0) -> 169
A43: tau | B43: 20 | C43: t3 | D43: =MAX('消融平滑 0921'!G2364:G2563) -> 0.9875 | E43: =MATCH(MAX('消融平滑 0921'!G2364:G2563),'消融平滑 0921'!G2364:G2563,0) -> 75
A44: tau | B44: 25 | C44: t05 | D44: =MAX('消融平滑 0921'!H146:H345) -> 0.99 | E44: =MATCH(MAX('消融平滑 0921'!H146:H345),'消融平滑 0921'!H146:H345,0) -> 73
A45: tau | B45: 25 | C45: t1 | D45: =MAX('消融平滑 0921'!H647:H846) -> 0.98 | E45: =MATCH(MAX('消融平滑 0921'!H647:H846),'消融平滑 0921'!H647:H846,0) -> 142
A46: tau | B46: 25 | C46: t15 | D46: =MAX('消融平滑 0921'!H1145:H1344) -> 1 | E46: =MATCH(MAX('消融平滑 0921'!H1145:H1344),'消融平滑 0921'!H1145:H1344,0) -> 64
A47: tau | B47: 25 | C47: t2 | D47: =MAX('消融平滑 0921'!H1660:H1859) -> 1 | E47: =MATCH(MAX('消融平滑 0921'!H1660:H1859),'消融平滑 0921'!H1660:H1859,0) -> 86
A48: tau | B48: 25 | C48: t25 | D48: =MAX('消融平滑 0921'!H2015:H2214) -> 0.98 | E48: =MATCH(MAX('消融平滑 0921'!H2015:H2214),'消融平滑 0921'!H2015:H2214,0) -> 174
A49: tau | B49: 25 | C49: t3 | D49: =MAX('消融平滑 0921'!H2364:H2563) -> 0.99 | E49: =MATCH(MAX('消融平滑 0921'!H2364:H2563),'消融平滑 0921'!H2364:H2563,0) -> 80
A50: tau | B50: 30 | C50: t05 | D50: =MAX('消融平滑 0921'!I146:I345) -> 0.99166667 | E50: =MATCH(MAX('消融平滑 0921'!I146:I345),'消融平滑 0921'!I146:I345,0) -> 78
A51: tau | B51: 30 | C51: t1 | D51: =MAX('消融平滑 0921'!I647:I846) -> 0.975 | E51: =MATCH(MAX('消融平滑 0921'!I647:I846),'消融平滑 0921'!I647:I846,0) -> 188
A52: tau | B52: 30 | C52: t15 | D52: =MAX('消融平滑 0921'!I1145:I1344) -> 1 | E52: =MATCH(MAX('消融平滑 0921'!I1145:I1344),'消融平滑 0921'!I1145:I1344,0) -> 69
A53: tau | B53: 30 | C53: t2 | D53: =MAX('消融平滑 0921'!I1660:I1859) -> 0.99166667 | E53: =MATCH(MAX('消融平滑 0921'!I1660:I1859),'消融平滑 0921'!I1660:I1859,0) -> 91
A54: tau | B54: 30 | C54: t25 | D54: =MAX('消融平滑 0921'!I2015:I2214) -> 0.975 | E54: =MATCH(MAX('消融平滑 0921'!I2015:I2214),'消融平滑 0921'!I2015:I2214,0) -> 174
A55: tau | B55: 30 | C55: t3 | D55: =MAX('消融平滑 0921'!I2364:I2563) -> 0.98333333 | E55: =MATCH(MAX('消融平滑 0921'!I2364:I2563),'消融平滑 0921'!I2364:I2563,0) -> 84
A56: tau | B56: 40 | C56: t05 | D56: =MAX('消融平滑 0921'!J146:J345) -> 0.9875 | E56: =MATCH(MAX('消融平滑 0921'!J146:J345),'消融平滑 0921'!J146:J345,0) -> 88
A57: tau | B57: 40 | C57: t1 | D57: =MAX('消融平滑 0921'!J647:J846) -> 0.975 | E57: =MATCH(MAX('消融平滑 0921'!J647:J846),'消融平滑 0921'!J647:J846,0) -> 198
A58: tau | B58: 40 | C58: t15 | D58: =MAX('消融平滑 0921'!J1145:J1344) -> 0.99375 | E58: =MATCH(MAX('消融平滑 0921'!J1145:J1344),'消融平滑 0921'!J1145:J1344,0) -> 112
A59: tau | B59: 40 | C59: t2 | D59: =MAX('消融平滑 0921'!J1660:J1859) -> 0.98125 | E59: =MATCH(MAX('消融平滑 0921'!J1660:J1859),'消融平滑 0921'!J1660:J1859,0) -> 80
A60: tau | B60: 40 | C60: t25 | D60: =MAX('消融平滑 0921'!J2015:J2214) -> 0.96875 | E60: =MATCH(MAX('消融平滑 0921'!J2015:J2214),'消融平滑 0921'!J2015:J2214,0) -> 175
A61: tau | B61: 40 | C61: t3 | D61: =MAX('消融平滑 0921'!J2364:J2563) -> 0.975 | E61: =MATCH(MAX('消融平滑 0921'!J2364:J2563),'消融平滑 0921'!J2364:J2563,0) -> 83
A62: tau | B62: 50 | C62: t05 | D62: =MAX('消融平滑 0921'!K146:K345) -> 0.985 | E62: =MATCH(MAX('消融平滑 0921'!K146:K345),'消融平滑 0921'!K146:K345,0) -> 96
A63: tau | B63: 50 | C63: t1 | D63: =MAX('消融平滑 0921'!K647:K846) -> 0.97 | E63: =MATCH(MAX('消融平滑 0921'!K647:K846),'消融平滑 0921'!K647:K846,0) -> 198
A64: tau | B64: 50 | C64: t15 | D64: =MAX('消融平滑 0921'!K1145:K1344) -> 0.99 | E64: =MATCH(MAX('消融平滑 0921'!K1145:K1344),'消融平滑 0921'!K1145:K1344,0) -> 89
A65: tau | B65: 50 | C65: t2 | D65: =MAX('消融平滑 0921'!K1660:K1859) -> 0.98 | E65: =MATCH(MAX('消融平滑 0921'!K1660:K1859),'消融平滑 0921'!K1660:K1859,0) -> 87
A66: tau | B66: 50 | C66: t25 | D66: =MAX('消融平滑 0921'!K2015:K2214) -> 0.96 | E66: =MATCH(MAX('消融平滑 0921'!K2015:K2214),'消融平滑 0921'!K2015:K2214,0) -> 170
A67: tau | B67: 50 | C67: t3 | D67: =MAX('消融平滑 0921'!K2364:K2563) -> 0.965 | E67: =MATCH(MAX('消融平滑 0921'!K2364:K2563),'消融平滑 0921'!K2364:K2563,0) -> 105
A68: tricks | B68: 5 | C68: t25-combo | D68: =MAX('消融平滑 0921'!D2872:D3071) -> 1 | E68: =MATCH(MAX('消融平滑 0921'!D2872:D3071),'消融平滑 0921'!D2872:D3071,0) -> 26
A69: tricks | B69: 5 | C69: t25-anneal | D69: =MAX('消融平滑 0921'!D3672:D3871) -> 1 | E69: =MATCH(MAX('消融平滑 0921'!D3672:D3871),'消融平滑 0921'!D3672:D3871,0) -> 17
A70: tricks | B70: 5 | C70: t25-drop | D70: =MAX('消融平滑 0921'!D4112:D4311) -> 1 | E70: =MATCH(MAX('消融平滑 0921'!D4112:D4311),'消融平滑 0921'!D4112:D4311,0) -> 20
A71: tricks | B71: 5 | C71: t25 | D71: =MAX('消融平滑 0921'!D2015:D2214) -> 1 | E71: =MATCH(MAX('消融平滑 0921'!D2015:D2214),'消融平滑 0921'!D2015:D2214,0) -> 79
A72: tricks | B72: 10 | C72: t25-combo | D72: =MAX('消融平滑 0921'!E2872:E3071) -> 1 | E72: =MATCH(MAX('消融平滑 0921'!E2872:E3071),'消融平滑 0921'!E2872:E3071,0) -> 31
A73: tricks | B73: 10 | C73: t25-anneal | D73: =MAX('消融平滑 0921'!E3672:E3871) -> 1 | E73: =MATCH(MAX('消融平滑 0921'!E3672:E3871),'消融平滑 0921'!E3672:E3871,0) -> 36
A74: tricks | B74: 10 | C74: t25-drop | D74: =MAX('消融平滑 0921'!E4112:E4311) -> 1 | E74: =MATCH(MAX('消融平滑 0921'!E4112:E4311),'消融平滑 0921'!E4112:E4311,0) -> 95
A75: tricks | B75: 10 | C75: t25 | D75: =MAX('消融平滑 0921'!E2015:E2214) -> 1 | E75: =MATCH(MAX('消融平滑 0921'!E2015:E2214),'消融平滑 0921'!E2015:E2214,0) -> 170
A76: tricks | B76: 15 | C76: t25-combo | D76: =MAX('消融平滑 0921'!F2872:F3071) -> 1 | E76: =MATCH(MAX('消融平滑 0921'!F2872:F3071),'消融平滑 0921'!F2872:F3071,0) -> 36
A77: tricks | B77: 15 | C77: t25-anneal | D77: =MAX('消融平滑 0921'!F3672:F3871) -> 1 | E77: =MATCH(MAX('消融平滑 0921'!F3672:F3871),'消融平滑 0921'!F3672:F3871,0) -> 90
A78: tricks | B78: 15 | C78: t25-drop | D78: =MAX('消融平滑 0921'!F4112:F4311) -> 1 | E78: =MATCH(MAX('消融平滑 0921'!F4112:F4311),'消融平滑 0921'!F4112:F4311,0) -> 196
A79: tricks | B79: 15 | C79: t25 | D79: =MAX('消融平滑 0921'!F2015:F2214) -> 1 | E79: =MATCH(MAX('消融平滑 0921'!F2015:F2214),'消融平滑 0921'!F2015:F2214,0) -> 175
A80: tricks | B80: 20 | C80: t25-combo | D80: =MAX('消融平滑 0921'!G2872:G3071) -> 1 | E80: =MATCH(MAX('消融平滑 0921'!G2872:G3071),'消融平滑 0921'!G2872:G3071,0) -> 94
A81: tricks | B81: 20 | C81: t25-anneal | D81: =MAX('消融平滑 0921'!G3672:G3871) -> 1 | E81: =MATCH(MAX('消融平滑 0921'!G3672:G3871),'消融平滑 0921'!G3672:G3871,0) -> 95
A82: tricks | B82: 20 | C82: t25-drop | D82: =MAX('消融平滑 0921'!G4112:G4311) -> 0.9875 | E82: =MATCH(MAX('消融平滑 0921'!G4112:G4311),'消融平滑 0921'!G4112:G4311,0) -> 105
A83: tricks | B83: 20 | C83: t25 | D83: =MAX('消融平滑 0921'!G2015:G2214) -> 0.975 | E83: =MATCH(MAX('消融平滑 0921'!G2015:G2214),'消融平滑 0921'!G2015:G2214,0) -> 169
A84: tricks | B84: 25 | C84: t25-combo | D84: =MAX('消融平滑 0921'!H2872:H3071) -> 1 | E84: =MATCH(MAX('消融平滑 0921'!H2872:H3071),'消融平滑 0921'!H2872:H3071,0) -> 99
A85: tricks | B85: 25 | C85: t25-anneal | D85: =MAX('消融平滑 0921'!H3672:H3871) -> 1 | E85: =MATCH(MAX('消融平滑 0921'!H3672:H3871),'消融平滑 0921'!H3672:H3871,0) -> 135
A86: tricks | B86: 25 | C86: t25-drop | D86: =MAX('消融平滑 0921'!H4112:H4311) -> 0.99 | E86: =MATCH(MAX('消融平滑 0921'!H4112:H4311),'消融平滑 0921'!H4112:H4311,0) -> 110
A87: tricks | B87: 25 | C87: t25 | D87: =MAX('消融平滑 0921'!H2015:H2214) -> 0.98 | E87: =MATCH(MAX('消融平滑 0921'!H2015:H2214),'消融平滑 0921'!H2015:H2214,0) -> 174
A88: tricks | B88: 30 | C88: t25-combo | D88: =MAX('消融平滑 0921'!I2872:I3071) -> 1 | E88: =MATCH(MAX('消融平滑 0921'!I2872:I3071),'消融平滑 0921'!I2872:I3071,0) -> 155
A89: tricks | B89: 30 | C89: t25-anneal | D89: =MAX('消融平滑 0921'!I3672:I3871) -> 1 | E89: =MATCH(MAX('消融平滑 0921'!I3672:I3871),'消融平滑 0921'!I3672:I3871,0) -> 140
A90: tricks | B90: 30 | C90: t25-drop | D90: =MAX('消融平滑 0921'!I4112:I4311) -> 0.99166667 | E90: =MATCH(MAX('消融平滑 0921'!I4112:I4311),'消融平滑 0921'!I4112:I4311,0) -> 197
A91: tricks | B91: 30 | C91: t25 | D91: =MAX('消融平滑 0921'!I2015:I2214) -> 0.975 | E91: =MATCH(MAX('消融平滑 0921'!I2015:I2214),'消融平滑 0921'!I2015:I2214,0) -> 174
A92: tricks | B92: 40 | C92: t25-combo | D92: =MAX('消融平滑 0921'!J2872:J3071) -> 1 | E92: =MATCH(MAX('消融平滑 0921'!J2872:J3071),'消融平滑 0921'!J2872:J3071,0) -> 165
A93: tricks | B93: 40 | C93: t25-anneal | D93: =MAX('消融平滑 0921'!J3672:J3871) -> 1 | E93: =MATCH(MAX('消融平滑 0921'!J3672:J3871),'消融平滑 0921'!J3672:J3871,0) -> 150
A94: tricks | B94: 40 | C94: t25-drop | D94: =MAX('消融平滑 0921'!J4112:J4311) -> 0.9875 | E94: =MATCH(MAX('消融平滑 0921'!J4112:J4311),'消融平滑 0921'!J4112:J4311,0) -> 192
A95: tricks | B95: 40 | C95: t25 | D95: =MAX('消融平滑 0921'!J2015:J2214) -> 0.96875 | E95: =MATCH(MAX('消融平滑 0921'!J2015:J2214),'消融平滑 0921'!J2015:J2214,0) -> 175
A96: tricks | B96: 50 | C96: t25-combo | D96: =MAX('消融平滑 0921'!K2872:K3071) -> 0.995 | E96: =MATCH(MAX('消融平滑 0921'!K2872:K3071),'消融平滑 0921'!K2872:K3071,0) -> 175
A97: tricks | B97: 50 | C97: t25-anneal | D97: =MAX('消融平滑 0921'!K3672:K3871) -> 1 | E97: =MATCH(MAX('消融平滑 0921'!K3672:K3871),'消融平滑 0921'!K3672:K3871,0) -> 160
A98: tricks | B98: 50 | C98: t25-drop | D98: =MAX('消融平滑 0921'!K4112:K4311) -> 0.98 | E98: =MATCH(MAX('消融平滑 0921'!K4112:K4311),'消融平滑 0921'!K4112:K4311,0) -> 197
A99: tricks | B99: 50 | C99: t25 | D99: =MAX('消融平滑 0921'!K2015:K2214) -> 0.96 | E99: =MATCH(MAX('消融平滑 0921'!K2015:K2214),'消融平滑 0921'!K2015:K2214,0) -> 170

Sheet 消融原始 0921
A1: Run | B1: Global round | C1: Raw step | D1: Success rate | E1: Actor switch rate | F1: Wall time
A2: t05 | B2: 1 | C2: 0 | D2: 0 | E2: 0 | F2: 1.7899168e+09
A3: t05 | B3: 2 | C3: 1 | D3: 0 | E3: 0 | F3: 1.7899169e+09
A4: t05 | B4: 3 | C4: 2 | D4: 0 | E4: 0 | F4: 1.789917e+09
A5: t05 | B5: 4 | C5: 3 | D5: 0 | E5: 0 | F5: 1.789917e+09
A6: t05 | B6: 5 | C6: 4 | D6: 0.25 | E6: 0 | F6: 1.7899171e+09
A7: t05 | B7: 6 | C7: 5 | D7: 0 | E7: 0 | F7: 1.7899172e+09
A8: t05 | B8: 7 | C8: 6 | D8: 0 | E8: 0 | F8: 1.7899173e+09
A9: t05 | B9: 8 | C9: 7 | D9: 0 | E9: 0 | F9: 1.7899174e+09
A10: t05 | B10: 9 | C10: 8 | D10: 0 | E10: 0 | F10: 1.7899175e+09
A11: t05 | B11: 10 | C11: 9 | D11: 0 | E11: 0 | F11: 1.7899176e+09
A12: t05 | B12: 11 | C12: 10 | D12: 0 | E12: 0 | F12: 1.7899176e+09
A13: t05 | B13: 12 | C13: 11 | D13: 0 | E13: 0 | F13: 1.7899177e+09
... A500: t05 | B500: 499 | C500: 498 | D500: 1 | E500: 1 | F500: 1.7899627e+09
A501: t05 | B501: 500 | C501: 499 | D501: 1 | F501: 1.7899631e+09
A502: t1 | B502: 1 | C502: 0 | D502: 0 | E502: 0 | F502: 1.7899168e+09
A503: t1 | B503: 2 | C503: 1 | D503: 0 | E503: 0 | F503: 1.7899169e+09
A504: t1 | B504: 3 | C504: 2 | D504: 0.5 | E504: 0 | F504: 1.789917e+09
A505: t1 | B505: 4 | C505: 3 | D505: 0.25 | E505: 0 | F505: 1.789917e+09
A506: t1 | B506: 5 | C506: 4 | D506: 0 | E506: 0 | F506: 1.7899171e+09
A507: t1 | B507: 6 | C507: 5 | D507: 0 | E507: 0 | F507: 1.7899172e+09
A508: t1 | B508: 7 | C508: 6 | D508: 0 | E508: 0 | F508: 1.7899173e+09
A509: t1 | B509: 8 | C509: 7 | D509: 0.25 | E509: 0 | F509: 1.7899174e+09
A510: t1 | B510: 9 | C510: 8 | D510: 0 | E510: 0 | F510: 1.7899175e+09
A511: t1 | B511: 10 | C511: 9 | D511: 0.25 | E511: 0 | F511: 1.7899176e+09
A512: t1 | B512: 11 | C512: 10 | D512: 0 | E512: 0 | F512: 1.7899176e+09
A513: t1 | B513: 12 | C513: 11 | D513: 0 | E513: 0 | F513: 1.7899177e+09
... A4395: t25-drop | B4395: 429 | C4395: 428 | D4395: 1 | E4395: 1 | F4395: 1.7899166e+09

Sheet 消融平滑 0921
A1: Run | B1: Global round | C1: Student step | D1: MA5 | E1: MA10 | F1: MA15 | G1: MA20 | H1: MA25 | I1: MA30 | J1: MA40 | K1: MA50
A2: t05 | B2: 1 | C2: ='消融原始 0921'!B2-'消融实验 0921'!$E$2+1 -> -143 | D2: =AVERAGE('消融原始 0921'!D2:D2) -> 0 | E2: =AVERAGE('消融原始 0921'!D2:D2) -> 0 | F2: =AVERAGE('消融原始 0921'!D2:D2) -> 0 | G2: =AVERAGE('消融原始 0921'!D2:D2) -> 0 | H2: =AVERAGE('消融原始 0921'!D2:D2) -> 0 | I2: =AVERAGE('消融原始 0921'!D2:D2) -> 0 | J2: =AVERAGE('消融原始 0921'!D2:D2) -> 0 | K2: =AVERAGE('消融原始 0921'!D2:D2) -> 0
A3: t05 | B3: 2 | C3: ='消融原始 0921'!B3-'消融实验 0921'!$E$2+1 -> -142 | D3: =AVERAGE('消融原始 0921'!D2:D3) -> 0 | E3: =AVERAGE('消融原始 0921'!D2:D3) -> 0 | F3: =AVERAGE('消融原始 0921'!D2:D3) -> 0 | G3: =AVERAGE('消融原始 0921'!D2:D3) -> 0 | H3: =AVERAGE('消融原始 0921'!D2:D3) -> 0 | I3: =AVERAGE('消融原始 0921'!D2:D3) -> 0 | J3: =AVERAGE('消融原始 0921'!D2:D3) -> 0 | K3: =AVERAGE('消融原始 0921'!D2:D3) -> 0
A4: t05 | B4: 3 | C4: ='消融原始 0921'!B4-'消融实验 0921'!$E$2+1 -> -141 | D4: =AVERAGE('消融原始 0921'!D2:D4) -> 0 | E4: =AVERAGE('消融原始 0921'!D2:D4) -> 0 | F4: =AVERAGE('消融原始 0921'!D2:D4) -> 0 | G4: =AVERAGE('消融原始 0921'!D2:D4) -> 0 | H4: =AVERAGE('消融原始 0921'!D2:D4) -> 0 | I4: =AVERAGE('消融原始 0921'!D2:D4) -> 0 | J4: =AVERAGE('消融原始 0921'!D2:D4) -> 0 | K4: =AVERAGE('消融原始 0921'!D2:D4) -> 0
A5: t05 | B5: 4 | C5: ='消融原始 0921'!B5-'消融实验 0921'!$E$2+1 -> -140 | D5: =AVERAGE('消融原始 0921'!D2:D5) -> 0 | E5: =AVERAGE('消融原始 0921'!D2:D5) -> 0 | F5: =AVERAGE('消融原始 0921'!D2:D5) -> 0 | G5: =AVERAGE('消融原始 0921'!D2:D5) -> 0 | H5: =AVERAGE('消融原始 0921'!D2:D5) -> 0 | I5: =AVERAGE('消融原始 0921'!D2:D5) -> 0 | J5: =AVERAGE('消融原始 0921'!D2:D5) -> 0 | K5: =AVERAGE('消融原始 0921'!D2:D5) -> 0
A6: t05 | B6: 5 | C6: ='消融原始 0921'!B6-'消融实验 0921'!$E$2+1 -> -139 | D6: =AVERAGE('消融原始 0921'!D2:D6) -> 0.05 | E6: =AVERAGE('消融原始 0921'!D2:D6) -> 0.05 | F6: =AVERAGE('消融原始 0921'!D2:D6) -> 0.05 | G6: =AVERAGE('消融原始 0921'!D2:D6) -> 0.05 | H6: =AVERAGE('消融原始 0921'!D2:D6) -> 0.05 | I6: =AVERAGE('消融原始 0921'!D2:D6) -> 0.05 | J6: =AVERAGE('消融原始 0921'!D2:D6) -> 0.05 | K6: =AVERAGE('消融原始 0921'!D2:D6) -> 0.05
A7: t05 | B7: 6 | C7: ='消融原始 0921'!B7-'消融实验 0921'!$E$2+1 -> -138 | D7: =AVERAGE('消融原始 0921'!D3:D7) -> 0.05 | E7: =AVERAGE('消融原始 0921'!D2:D7) -> 0.041666667 | F7: =AVERAGE('消融原始 0921'!D2:D7) -> 0.041666667 | G7: =AVERAGE('消融原始 0921'!D2:D7) -> 0.041666667 | H7: =AVERAGE('消融原始 0921'!D2:D7) -> 0.041666667 | I7: =AVERAGE('消融原始 0921'!D2:D7) -> 0.041666667 | J7: =AVERAGE('消融原始 0921'!D2:D7) -> 0.041666667 | K7: =AVERAGE('消融原始 0921'!D2:D7) -> 0.041666667
A8: t05 | B8: 7 | C8: ='消融原始 0921'!B8-'消融实验 0921'!$E$2+1 -> -137 | D8: =AVERAGE('消融原始 0921'!D4:D8) -> 0.05 | E8: =AVERAGE('消融原始 0921'!D2:D8) -> 0.035714286 | F8: =AVERAGE('消融原始 0921'!D2:D8) -> 0.035714286 | G8: =AVERAGE('消融原始 0921'!D2:D8) -> 0.035714286 | H8: =AVERAGE('消融原始 0921'!D2:D8) -> 0.035714286 | I8: =AVERAGE('消融原始 0921'!D2:D8) -> 0.035714286 | J8: =AVERAGE('消融原始 0921'!D2:D8) -> 0.035714286 | K8: =AVERAGE('消融原始 0921'!D2:D8) -> 0.035714286
A9: t05 | B9: 8 | C9: ='消融原始 0921'!B9-'消融实验 0921'!$E$2+1 -> -136 | D9: =AVERAGE('消融原始 0921'!D5:D9) -> 0.05 | E9: =AVERAGE('消融原始 0921'!D2:D9) -> 0.03125 | F9: =AVERAGE('消融原始 0921'!D2:D9) -> 0.03125 | G9: =AVERAGE('消融原始 0921'!D2:D9) -> 0.03125 | H9: =AVERAGE('消融原始 0921'!D2:D9) -> 0.03125 | I9: =AVERAGE('消融原始 0921'!D2:D9) -> 0.03125 | J9: =AVERAGE('消融原始 0921'!D2:D9) -> 0.03125 | K9: =AVERAGE('消融原始 0921'!D2:D9) -> 0.03125
A10: t05 | B10: 9 | C10: ='消融原始 0921'!B10-'消融实验 0921'!$E$2+1 -> -135 | D10: =AVERAGE('消融原始 0921'!D6:D10) -> 0.05 | E10: =AVERAGE('消融原始 0921'!D2:D10) -> 0.027777778 | F10: =AVERAGE('消融原始 0921'!D2:D10) -> 0.027777778 | G10: =AVERAGE('消融原始 0921'!D2:D10) -> 0.027777778 | H10: =AVERAGE('消融原始 0921'!D2:D10) -> 0.027777778 | I10: =AVERAGE('消融原始 0921'!D2:D10) -> 0.027777778 | J10: =AVERAGE('消融原始 0921'!D2:D10) -> 0.027777778 | K10: =AVERAGE('消融原始 0921'!D2:D10) -> 0.027777778
A11: t05 | B11: 10 | C11: ='消融原始 0921'!B11-'消融实验 0921'!$E$2+1 -> -134 | D11: =AVERAGE('消融原始 0921'!D7:D11) -> 0 | E11: =AVERAGE('消融原始 0921'!D2:D11) -> 0.025 | F11: =AVERAGE('消融原始 0921'!D2:D11) -> 0.025 | G11: =AVERAGE('消融原始 0921'!D2:D11) -> 0.025 | H11: =AVERAGE('消融原始 0921'!D2:D11) -> 0.025 | I11: =AVERAGE('消融原始 0921'!D2:D11) -> 0.025 | J11: =AVERAGE('消融原始 0921'!D2:D11) -> 0.025 | K11: =AVERAGE('消融原始 0921'!D2:D11) -> 0.025
A12: t05 | B12: 11 | C12: ='消融原始 0921'!B12-'消融实验 0921'!$E$2+1 -> -133 | D12: =AVERAGE('消融原始 0921'!D8:D12) -> 0 | E12: =AVERAGE('消融原始 0921'!D3:D12) -> 0.025 | F12: =AVERAGE('消融原始 0921'!D2:D12) -> 0.022727273 | G12: =AVERAGE('消融原始 0921'!D2:D12) -> 0.022727273 | H12: =AVERAGE('消融原始 0921'!D2:D12) -> 0.022727273 | I12: =AVERAGE('消融原始 0921'!D2:D12) -> 0.022727273 | J12: =AVERAGE('消融原始 0921'!D2:D12) -> 0.022727273 | K12: =AVERAGE('消融原始 0921'!D2:D12) -> 0.022727273
A13: t05 | B13: 12 | C13: ='消融原始 0921'!B13-'消融实验 0921'!$E$2+1 -> -132 | D13: =AVERAGE('消融原始 0921'!D9:D13) -> 0 | E13: =AVERAGE('消融原始 0921'!D4:D13) -> 0.025 | F13: =AVERAGE('消融原始 0921'!D2:D13) -> 0.020833333 | G13: =AVERAGE('消融原始 0921'!D2:D13) -> 0.020833333 | H13: =AVERAGE('消融原始 0921'!D2:D13) -> 0.020833333 | I13: =AVERAGE('消融原始 0921'!D2:D13) -> 0.020833333 | J13: =AVERAGE('消融原始 0921'!D2:D13) -> 0.020833333 | K13: =AVERAGE('消融原始 0921'!D2:D13) -> 0.020833333
A14: t05 | B14: 13 | C14: ='消融原始 0921'!B14-'消融实验 0921'!$E$2+1 -> -131 | D14: =AVERAGE('消融原始 0921'!D10:D14) -> 0 | E14: =AVERAGE('消融原始 0921'!D5:D14) -> 0.025 | F14: =AVERAGE('消融原始 0921'!D2:D14) -> 0.019230769 | G14: =AVERAGE('消融原始 0921'!D2:D14) -> 0.019230769 | H14: =AVERAGE('消融原始 0921'!D2:D14) -> 0.019230769 | I14: =AVERAGE('消融原始 0921'!D2:D14) -> 0.019230769 | J14: =AVERAGE('消融原始 0921'!D2:D14) -> 0.019230769 | K14: =AVERAGE('消融原始 0921'!D2:D14) -> 0.019230769
A15: t05 | B15: 14 | C15: ='消融原始 0921'!B15-'消融实验 0921'!$E$2+1 -> -130 | D15: =AVERAGE('消融原始 0921'!D11:D15) -> 0 | E15: =AVERAGE('消融原始 0921'!D6:D15) -> 0.025 | F15: =AVERAGE('消融原始 0921'!D2:D15) -> 0.017857143 | G15: =AVERAGE('消融原始 0921'!D2:D15) -> 0.017857143 | H15: =AVERAGE('消融原始 0921'!D2:D15) -> 0.017857143 | I15: =AVERAGE('消融原始 0921'!D2:D15) -> 0.017857143 | J15: =AVERAGE('消融原始 0921'!D2:D15) -> 0.017857143 | K15: =AVERAGE('消融原始 0921'!D2:D15) -> 0.017857143
A16: t05 | B16: 15 | C16: ='消融原始 0921'!B16-'消融实验 0921'!$E$2+1 -> -129 | D16: =AVERAGE('消融原始 0921'!D12:D16) -> 0 | E16: =AVERAGE('消融原始 0921'!D7:D16) -> 0 | F16: =AVERAGE('消融原始 0921'!D2:D16) -> 0.016666667 | G16: =AVERAGE('消融原始 0921'!D2:D16) -> 0.016666667 | H16: =AVERAGE('消融原始 0921'!D2:D16) -> 0.016666667 | I16: =AVERAGE('消融原始 0921'!D2:D16) -> 0.016666667 | J16: =AVERAGE('消融原始 0921'!D2:D16) -> 0.016666667 | K16: =AVERAGE('消融原始 0921'!D2:D16) -> 0.016666667
A17: t05 | B17: 16 | C17: ='消融原始 0921'!B17-'消融实验 0921'!$E$2+1 -> -128 | D17: =AVERAGE('消融原始 0921'!D13:D17) -> 0 | E17: =AVERAGE('消融原始 0921'!D8:D17) -> 0 | F17: =AVERAGE('消融原始 0921'!D3:D17) -> 0.016666667 | G17: =AVERAGE('消融原始 0921'!D2:D17) -> 0.015625 | H17: =AVERAGE('消融原始 0921'!D2:D17) -> 0.015625 | I17: =AVERAGE('消融原始 0921'!D2:D17) -> 0.015625 | J17: =AVERAGE('消融原始 0921'!D2:D17) -> 0.015625 | K17: =AVERAGE('消融原始 0921'!D2:D17) -> 0.015625
A18: t05 | B18: 17 | C18: ='消融原始 0921'!B18-'消融实验 0921'!$E$2+1 -> -127 | D18: =AVERAGE('消融原始 0921'!D14:D18) -> 0.05 | E18: =AVERAGE('消融原始 0921'!D9:D18) -> 0.025 | F18: =AVERAGE('消融原始 0921'!D4:D18) -> 0.033333333 | G18: =AVERAGE('消融原始 0921'!D2:D18) -> 0.029411765 | H18: =AVERAGE('消融原始 0921'!D2:D18) -> 0.029411765 | I18: =AVERAGE('消融原始 0921'!D2:D18) -> 0.029411765 | J18: =AVERAGE('消融原始 0921'!D2:D18) -> 0.029411765 | K18: =AVERAGE('消融原始 0921'!D2:D18) -> 0.029411765
A19: t05 | B19: 18 | C19: ='消融原始 0921'!B19-'消融实验 0921'!$E$2+1 -> -126 | D19: =AVERAGE('消融原始 0921'!D15:D19) -> 0.05 | E19: =AVERAGE('消融原始 0921'!D10:D19) -> 0.025 | F19: =AVERAGE('消融原始 0921'!D5:D19) -> 0.033333333 | G19: =AVERAGE('消融原始 0921'!D2:D19) -> 0.027777778 | H19: =AVERAGE('消融原始 0921'!D2:D19) -> 0.027777778 | I19: =AVERAGE('消融原始 0921'!D2:D19) -> 0.027777778 | J19: =AVERAGE('消融原始 0921'!D2:D19) -> 0.027777778 | K19: =AVERAGE('消融原始 0921'!D2:D19) -> 0.027777778
A20: t05 | B20: 19 | C20: ='消融原始 0921'!B20-'消融实验 0921'!$E$2+1 -> -125 | D20: =AVERAGE('消融原始 0921'!D16:D20) -> 0.1 | E20: =AVERAGE('消融原始 0921'!D11:D20) -> 0.05 | F20: =AVERAGE('消融原始 0921'!D6:D20) -> 0.05 | G20: =AVERAGE('消融原始 0921'!D2:D20) -> 0.039473684 | H20: =AVERAGE('消融原始 0921'!D2:D20) -> 0.039473684 | I20: =AVERAGE('消融原始 0921'!D2:D20) -> 0.039473684 | J20: =AVERAGE('消融原始 0921'!D2:D20) -> 0.039473684 | K20: =AVERAGE('消融原始 0921'!D2:D20) -> 0.039473684
A21: t05 | B21: 20 | C21: ='消融原始 0921'!B21-'消融实验 0921'!$E$2+1 -> -124 | D21: =AVERAGE('消融原始 0921'!D17:D21) -> 0.1 | E21: =AVERAGE('消融原始 0921'!D12:D21) -> 0.05 | F21: =AVERAGE('消融原始 0921'!D7:D21) -> 0.033333333 | G21: =AVERAGE('消融原始 0921'!D2:D21) -> 0.0375 | H21: =AVERAGE('消融原始 0921'!D2:D21) -> 0.0375 | I21: =AVERAGE('消融原始 0921'!D2:D21) -> 0.0375 | J21: =AVERAGE('消融原始 0921'!D2:D21) -> 0.0375 | K21: =AVERAGE('消融原始 0921'!D2:D21) -> 0.0375
A22: t05 | B22: 21 | C22: ='消融原始 0921'!B22-'消融实验 0921'!$E$2+1 -> -123 | D22: =AVERAGE('消融原始 0921'!D18:D22) -> 0.1 | E22: =AVERAGE('消融原始 0921'!D13:D22) -> 0.05 | F22: =AVERAGE('消融原始 0921'!D8:D22) -> 0.033333333 | G22: =AVERAGE('消融原始 0921'!D3:D22) -> 0.0375 | H22: =AVERAGE('消融原始 0921'!D2:D22) -> 0.035714286 | I22: =AVERAGE('消融原始 0921'!D2:D22) -> 0.035714286 | J22: =AVERAGE('消融原始 0921'!D2:D22) -> 0.035714286 | K22: =AVERAGE('消融原始 0921'!D2:D22) -> 0.035714286
A23: t05 | B23: 22 | C23: ='消融原始 0921'!B23-'消融实验 0921'!$E$2+1 -> -122 | D23: =AVERAGE('消融原始 0921'!D19:D23) -> 0.1 | E23: =AVERAGE('消融原始 0921'!D14:D23) -> 0.075 | F23: =AVERAGE('消融原始 0921'!D9:D23) -> 0.05 | G23: =AVERAGE('消融原始 0921'!D4:D23) -> 0.05 | H23: =AVERAGE('消融原始 0921'!D2:D23) -> 0.045454545 | I23: =AVERAGE('消融原始 0921'!D2:D23) -> 0.045454545 | J23: =AVERAGE('消融原始 0921'!D2:D23) -> 0.045454545 | K23: =AVERAGE('消融原始 0921'!D2:D23) -> 0.045454545
A24: t05 | B24: 23 | C24: ='消融原始 0921'!B24-'消融实验 0921'!$E$2+1 -> -121 | D24: =AVERAGE('消融原始 0921'!D20:D24) -> 0.1 | E24: =AVERAGE('消融原始 0921'!D15:D24) -> 0.075 | F24: =AVERAGE('消融原始 0921'!D10:D24) -> 0.05 | G24: =AVERAGE('消融原始 0921'!D5:D24) -> 0.05 | H24: =AVERAGE('消融原始 0921'!D2:D24) -> 0.043478261 | I24: =AVERAGE('消融原始 0921'!D2:D24) -> 0.043478261 | J24: =AVERAGE('消融原始 0921'!D2:D24) -> 0.043478261 | K24: =AVERAGE('消融原始 0921'!D2:D24) -> 0.043478261
A25: t05 | B25: 24 | C25: ='消融原始 0921'!B25-'消融实验 0921'!$E$2+1 -> -120 | D25: =AVERAGE('消融原始 0921'!D21:D25) -> 0.05 | E25: =AVERAGE('消融原始 0921'!D16:D25) -> 0.075 | F25: =AVERAGE('消融原始 0921'!D11:D25) -> 0.05 | G25: =AVERAGE('消融原始 0921'!D6:D25) -> 0.05 | H25: =AVERAGE('消融原始 0921'!D2:D25) -> 0.041666667 | I25: =AVERAGE('消融原始 0921'!D2:D25) -> 0.041666667 | J25: =AVERAGE('消融原始 0921'!D2:D25) -> 0.041666667 | K25: =AVERAGE('消融原始 0921'!D2:D25) -> 0.041666667
A26: t05 | B26: 25 | C26: ='消融原始 0921'!B26-'消融实验 0921'!$E$2+1 -> -119 | D26: =AVERAGE('消融原始 0921'!D22:D26) -> 0.05 | E26: =AVERAGE('消融原始 0921'!D17:D26) -> 0.075 | F26: =AVERAGE('消融原始 0921'!D12:D26) -> 0.05 | G26: =AVERAGE('消融原始 0921'!D7:D26) -> 0.0375 | H26: =AVERAGE('消融原始 0921'!D2:D26) -> 0.04 | I26: =AVERAGE('消融原始 0921'!D2:D26) -> 0.04 | J26: =AVERAGE('消融原始 0921'!D2:D26) -> 0.04 | K26: =AVERAGE('消融原始 0921'!D2:D26) -> 0.04
A27: t05 | B27: 26 | C27: ='消融原始 0921'!B27-'消融实验 0921'!$E$2+1 -> -118 | D27: =AVERAGE('消融原始 0921'!D23:D27) -> 0.05 | E27: =AVERAGE('消融原始 0921'!D18:D27) -> 0.075 | F27: =AVERAGE('消融原始 0921'!D13:D27) -> 0.05 | G27: =AVERAGE('消融原始 0921'!D8:D27) -> 0.0375 | H27: =AVERAGE('消融原始 0921'!D3:D27) -> 0.04 | I27: =AVERAGE('消融原始 0921'!D2:D27) -> 0.038461538 | J27: =AVERAGE('消融原始 0921'!D2:D27) -> 0.038461538 | K27: =AVERAGE('消融原始 0921'!D2:D27) -> 0.038461538
A28: t05 | B28: 27 | C28: ='消融原始 0921'!B28-'消融实验 0921'!$E$2+1 -> -117 | D28: =AVERAGE('消融原始 0921'!D24:D28) -> 0 | E28: =AVERAGE('消融原始 0921'!D19:D28) -> 0.05 | F28: =AVERAGE('消融原始 0921'!D14:D28) -> 0.05 | G28: =AVERAGE('消融原始 0921'!D9:D28) -> 0.0375 | H28: =AVERAGE('消融原始 0921'!D4:D28) -> 0.04 | I28: =AVERAGE('消融原始 0921'!D2:D28) -> 0.037037037 | J28: =AVERAGE('消融原始 0921'!D2:D28) -> 0.037037037 | K28: =AVERAGE('消融原始 0921'!D2:D28) -> 0.037037037
A29: t05 | B29: 28 | C29: ='消融原始 0921'!B29-'消融实验 0921'!$E$2+1 -> -116 | D29: =AVERAGE('消融原始 0921'!D25:D29) -> 0.05 | E29: =AVERAGE('消融原始 0921'!D20:D29) -> 0.075 | F29: =AVERAGE('消融原始 0921'!D15:D29) -> 0.066666667 | G29: =AVERAGE('消融原始 0921'!D10:D29) -> 0.05 | H29: =AVERAGE('消融原始 0921'!D5:D29) -> 0.05 | I29: =AVERAGE('消融原始 0921'!D2:D29) -> 0.044642857 | J29: =AVERAGE('消融原始 0921'!D2:D29) -> 0.044642857 | K29: =AVERAGE('消融原始 0921'!D2:D29) -> 0.044642857
A30: t05 | B30: 29 | C30: ='消融原始 0921'!B30-'消融实验 0921'!$E$2+1 -> -115 | D30: =AVERAGE('消融原始 0921'!D26:D30) -> 0.05 | E30: =AVERAGE('消融原始 0921'!D21:D30) -> 0.05 | F30: =AVERAGE('消融原始 0921'!D16:D30) -> 0.066666667 | G30: =AVERAGE('消融原始 0921'!D11:D30) -> 0.05 | H30: =AVERAGE('消融原始 0921'!D6:D30) -> 0.05 | I30: =AVERAGE('消融原始 0921'!D2:D30) -> 0.043103448 | J30: =AVERAGE('消融原始 0921'!D2:D30) -> 0.043103448 | K30: =AVERAGE('消融原始 0921'!D2:D30) -> 0.043103448
A31: t05 | B31: 30 | C31: ='消融原始 0921'!B31-'消融实验 0921'!$E$2+1 -> -114 | D31: =AVERAGE('消融原始 0921'!D27:D31) -> 0.05 | E31: =AVERAGE('消融原始 0921'!D22:D31) -> 0.05 | F31: =AVERAGE('消融原始 0921'!D17:D31) -> 0.066666667 | G31: =AVERAGE('消融原始 0921'!D12:D31) -> 0.05 | H31: =AVERAGE('消融原始 0921'!D7:D31) -> 0.04 | I31: =AVERAGE('消融原始 0921'!D2:D31) -> 0.041666667 | J31: =AVERAGE('消融原始 0921'!D2:D31) -> 0.041666667 | K31: =AVERAGE('消融原始 0921'!D2:D31) -> 0.041666667
A32: t05 | B32: 31 | C32: ='消融原始 0921'!B32-'消融实验 0921'!$E$2+1 -> -113 | D32: =AVERAGE('消融原始 0921'!D28:D32) -> 0.05 | E32: =AVERAGE('消融原始 0921'!D23:D32) -> 0.05 | F32: =AVERAGE('消融原始 0921'!D18:D32) -> 0.066666667 | G32: =AVERAGE('消融原始 0921'!D13:D32) -> 0.05 | H32: =AVERAGE('消融原始 0921'!D8:D32) -> 0.04 | I32: =AVERAGE('消融原始 0921'!D3:D32) -> 0.041666667 | J32: =AVERAGE('消融原始 0921'!D2:D32) -> 0.040322581 | K32: =AVERAGE('消融原始 0921'!D2:D32) -> 0.040322581
A33: t05 | B33: 32 | C33: ='消融原始 0921'!B33-'消融实验 0921'!$E$2+1 -> -112 | D33: =AVERAGE('消融原始 0921'!D29:D33) -> 0.15 | E33: =AVERAGE('消融原始 0921'!D24:D33) -> 0.075 | F33: =AVERAGE('消融原始 0921'!D19:D33) -> 0.083333333 | G33: =AVERAGE('消融原始 0921'!D14:D33) -> 0.075 | H33: =AVERAGE('消融原始 0921'!D9:D33) -> 0.06 | I33: =AVERAGE('消融原始 0921'!D4:D33) -> 0.058333333 | J33: =AVERAGE('消融原始 0921'!D2:D33) -> 0.0546875 | K33: =AVERAGE('消融原始 0921'!D2:D33) -> 0.0546875
A34: t05 | B34: 33 | C34: ='消融原始 0921'!B34-'消融实验 0921'!$E$2+1 -> -111 | D34: =AVERAGE('消融原始 0921'!D30:D34) -> 0.15 | E34: =AVERAGE('消融原始 0921'!D25:D34) -> 0.1 | F34: =AVERAGE('消融原始 0921'!D20:D34) -> 0.1 | G34: =AVERAGE('消融原始 0921'!D15:D34) -> 0.0875 | H34: =AVERAGE('消融原始 0921'!D10:D34) -> 0.07 | I34: =AVERAGE('消融原始 0921'!D5:D34) -> 0.066666667 | J34: =AVERAGE('消融原始 0921'!D2:D34) -> 0.060606061 | K34: =AVERAGE('消融原始 0921'!D2:D34) -> 0.060606061
A35: t05 | B35: 34 | C35: ='消融原始 0921'!B35-'消融实验 0921'!$E$2+1 -> -110 | D35: =AVERAGE('消融原始 0921'!D31:D35) -> 0.15 | E35: =AVERAGE('消融原始 0921'!D26:D35) -> 0.1 | F35: =AVERAGE('消融原始 0921'!D21:D35) -> 0.083333333 | G35: =AVERAGE('消融原始 0921'!D16:D35) -> 0.0875 | H35: =AVERAGE('消融原始 0921'!D11:D35) -> 0.07 | I35: =AVERAGE('消融原始 0921'!D6:D35) -> 0.066666667 | J35: =AVERAGE('消融原始 0921'!D2:D35) -> 0.058823529 | K35: =AVERAGE('消融原始 0921'!D2:D35) -> 0.058823529
A36: t05 | B36: 35 | C36: ='消融原始 0921'!B36-'消融实验 0921'!$E$2+1 -> -109 | D36: =AVERAGE('消融原始 0921'!D32:D36) -> 0.2 | E36: =AVERAGE('消融原始 0921'!D27:D36) -> 0.125 | F36: =AVERAGE('消融原始 0921'!D22:D36) -> 0.1 | G36: =AVERAGE('消融原始 0921'!D17:D36) -> 0.1 | H36: =AVERAGE('消融原始 0921'!D12:D36) -> 0.08 | I36: =AVERAGE('消融原始 0921'!D7:D36) -> 0.066666667 | J36: =AVERAGE('消融原始 0921'!D2:D36) -> 0.064285714 | K36: =AVERAGE('消融原始 0921'!D2:D36) -> 0.064285714
A37: t05 | B37: 36 | C37: ='消融原始 0921'!B37-'消融实验 0921'!$E$2+1 -> -108 | D37: =AVERAGE('消融原始 0921'!D33:D37) -> 0.2 | E37: =AVERAGE('消融原始 0921'!D28:D37) -> 0.125 | F37: =AVERAGE('消融原始 0921'!D23:D37) -> 0.1 | G37: =AVERAGE('消融原始 0921'!D18:D37) -> 0.1 | H37: =AVERAGE('消融原始 0921'!D13:D37) -> 0.08 | I37: =AVERAGE('消融原始 0921'!D8:D37) -> 0.066666667 | J37: =AVERAGE('消融原始 0921'!D2:D37) -> 0.0625 | K37: =AVERAGE('消融原始 0921'!D2:D37) -> 0.0625
A38: t05 | B38: 37 | C38: ='消融原始 0921'!B38-'消融实验 0921'!$E$2+1 -> -107 | D38: =AVERAGE('消融原始 0921'!D34:D38) -> 0.15 | E38: =AVERAGE('消融原始 0921'!D29:D38) -> 0.15 | F38: =AVERAGE('消融原始 0921'!D24:D38) -> 0.1 | G38: =AVERAGE('消融原始 0921'!D19:D38) -> 0.1 | H38: =AVERAGE('消融原始 0921'!D14:D38) -> 0.09 | I38: =AVERAGE('消融原始 0921'!D9:D38) -> 0.075 | J38: =AVERAGE('消融原始 0921'!D2:D38) -> 0.067567568 | K38: =AVERAGE('消融原始 0921'!D2:D38) -> 0.067567568
A39: t05 | B39: 38 | C39: ='消融原始 0921'!B39-'消融实验 0921'!$E$2+1 -> -106 | D39: =AVERAGE('消融原始 0921'!D35:D39) -> 0.1 | E39: =AVERAGE('消融原始 0921'!D30:D39) -> 0.125 | F39: =AVERAGE('消融原始 0921'!D25:D39) -> 0.1 | G39: =AVERAGE('消融原始 0921'!D20:D39) -> 0.1 | H39: =AVERAGE('消融原始 0921'!D15:D39) -> 0.09 | I39: =AVERAGE('消融原始 0921'!D10:D39) -> 0.075 | J39: =AVERAGE('消融原始 0921'!D2:D39) -> 0.065789474 | K39: =AVERAGE('消融原始 0921'!D2:D39) -> 0.065789474
A40: t05 | B40: 39 | C40: ='消融原始 0921'!B40-'消融实验 0921'!$E$2+1 -> -105 | D40: =AVERAGE('消融原始 0921'!D36:D40) -> 0.15 | E40: =AVERAGE('消融原始 0921'!D31:D40) -> 0.15 | F40: =AVERAGE('消融原始 0921'!D26:D40) -> 0.11666667 | G40: =AVERAGE('消融原始 0921'!D21:D40) -> 0.1 | H40: =AVERAGE('消融原始 0921'!D16:D40) -> 0.1 | I40: =AVERAGE('消融原始 0921'!D11:D40) -> 0.083333333 | J40: =AVERAGE('消融原始 0921'!D2:D40) -> 0.070512821 | K40: =AVERAGE('消融原始 0921'!D2:D40) -> 0.070512821
A41: t05 | B41: 40 | C41: ='消融原始 0921'!B41-'消融实验 0921'!$E$2+1 -> -104 | D41: =AVERAGE('消融原始 0921'!D37:D41) -> 0.1 | E41: =AVERAGE('消融原始 0921'!D32:D41) -> 0.15 | F41: =AVERAGE('消融原始 0921'!D27:D41) -> 0.11666667 | G41: =AVERAGE('消融原始 0921'!D22:D41) -> 0.1 | H41: =AVERAGE('消融原始 0921'!D17:D41) -> 0.1 | I41: =AVERAGE('消融原始 0921'!D12:D41) -> 0.083333333 | J41: =AVERAGE('消融原始 0921'!D2:D41) -> 0.06875 | K41: =AVERAGE('消融原始 0921'!D2:D41) -> 0.06875
A42: t05 | B42: 41 | C42: ='消融原始 0921'!B42-'消融实验 0921'!$E$2+1 -> -103 | D42: =AVERAGE('消融原始 0921'!D38:D42) -> 0.15 | E42: =AVERAGE('消融原始 0921'!D33:D42) -> 0.175 | F42: =AVERAGE('消融原始 0921'!D28:D42) -> 0.13333333 | G42: =AVERAGE('消融原始 0921'!D23:D42) -> 0.1125 | H42: =AVERAGE('消融原始 0921'!D18:D42) -> 0.11 | I42: =AVERAGE('消融原始 0921'!D13:D42) -> 0.091666667 | J42: =AVERAGE('消融原始 0921'!D3:D42) -> 0.075 | K42: =AVERAGE('消融原始 0921'!D2:D42) -> 0.073170732
A43: t05 | B43: 42 | C43: ='消融原始 0921'!B43-'消融实验 0921'!$E$2+1 -> -102 | D43: =AVERAGE('消融原始 0921'!D39:D43) -> 0.1 | E43: =AVERAGE('消融原始 0921'!D34:D43) -> 0.125 | F43: =AVERAGE('消融原始 0921'!D29:D43) -> 0.13333333 | G43: =AVERAGE('消融原始 0921'!D24:D43) -> 0.1 | H43: =AVERAGE('消融原始 0921'!D19:D43) -> 0.1 | I43: =AVERAGE('消融原始 0921'!D14:D43) -> 0.091666667 | J43: =AVERAGE('消融原始 0921'!D4:D43) -> 0.075 | K43: =AVERAGE('消融原始 0921'!D2:D43) -> 0.071428571
A44: t05 | B44: 43 | C44: ='消融原始 0921'!B44-'消融实验 0921'!$E$2+1 -> -101 | D44: =AVERAGE('消融原始 0921'!D40:D44) -> 0.1 | E44: =AVERAGE('消融原始 0921'!D35:D44) -> 0.1 | F44: =AVERAGE('消融原始 0921'!D30:D44) -> 0.11666667 | G44: =AVERAGE('消融原始 0921'!D25:D44) -> 0.1 | H44: =AVERAGE('消融原始 0921'!D20:D44) -> 0.1 | I44: =AVERAGE('消融原始 0921'!D15:D44) -> 0.091666667 | J44: =AVERAGE('消融原始 0921'!D5:D44) -> 0.075 | K44: =AVERAGE('消融原始 0921'!D2:D44) -> 0.069767442
A45: t05 | B45: 44 | C45: ='消融原始 0921'!B45-'消融实验 0921'!$E$2+1 -> -100 | D45: =AVERAGE('消融原始 0921'!D41:D45) -> 0.05 | E45: =AVERAGE('消融原始 0921'!D36:D45) -> 0.1 | F45: =AVERAGE('消融原始 0921'!D31:D45) -> 0.11666667 | G45: =AVERAGE('消融原始 0921'!D26:D45) -> 0.1 | H45: =AVERAGE('消融原始 0921'!D21:D45) -> 0.09 | I45: =AVERAGE('消融原始 0921'!D16:D45) -> 0.091666667 | J45: =AVERAGE('消融原始 0921'!D6:D45) -> 0.075 | K45: =AVERAGE('消融原始 0921'!D2:D45) -> 0.068181818
A46: t05 | B46: 45 | C46: ='消融原始 0921'!B46-'消融实验 0921'!$E$2+1 -> -99 | D46: =AVERAGE('消融原始 0921'!D42:D46) -> 0.05 | E46: =AVERAGE('消融原始 0921'!D37:D46) -> 0.075 | F46: =AVERAGE('消融原始 0921'!D32:D46) -> 0.11666667 | G46: =AVERAGE('消融原始 0921'!D27:D46) -> 0.1 | H46: =AVERAGE('消融原始 0921'!D22:D46) -> 0.09 | I46: =AVERAGE('消融原始 0921'!D17:D46) -> 0.091666667 | J46: =AVERAGE('消融原始 0921'!D7:D46) -> 0.06875 | K46: =AVERAGE('消融原始 0921'!D2:D46) -> 0.066666667
A47: t05 | B47: 46 | C47: ='消融原始 0921'!B47-'消融实验 0921'!$E$2+1 -> -98 | D47: =AVERAGE('消融原始 0921'!D43:D47) -> 0 | E47: =AVERAGE('消融原始 0921'!D38:D47) -> 0.075 | F47: =AVERAGE('消融原始 0921'!D33:D47) -> 0.11666667 | G47: =AVERAGE('消融原始 0921'!D28:D47) -> 0.1 | H47: =AVERAGE('消融原始 0921'!D23:D47) -> 0.09 | I47: =AVERAGE('消融原始 0921'!D18:D47) -> 0.091666667 | J47: =AVERAGE('消融原始 0921'!D8:D47) -> 0.06875 | K47: =AVERAGE('消融原始 0921'!D2:D47) -> 0.065217391
A48: t05 | B48: 47 | C48: ='消融原始 0921'!B48-'消融实验 0921'!$E$2+1 -> -97 | D48: =AVERAGE('消融原始 0921'!D44:D48) -> 0.05 | E48: =AVERAGE('消融原始 0921'!D39:D48) -> 0.075 | F48: =AVERAGE('消融原始 0921'!D34:D48) -> 0.1 | G48: =AVERAGE('消融原始 0921'!D29:D48) -> 0.1125 | H48: =AVERAGE('消融原始 0921'!D24:D48) -> 0.09 | I48: =AVERAGE('消融原始 0921'!D19:D48) -> 0.091666667 | J48: =AVERAGE('消融原始 0921'!D9:D48) -> 0.075 | K48: =AVERAGE('消融原始 0921'!D2:D48) -> 0.069148936
A49: t05 | B49: 48 | C49: ='消融原始 0921'!B49-'消融实验 0921'!$E$2+1 -> -96 | D49: =AVERAGE('消融原始 0921'!D45:D49) -> 0.1 | E49: =AVERAGE('消融原始 0921'!D40:D49) -> 0.1 | F49: =AVERAGE('消融原始 0921'!D35:D49) -> 0.1 | G49: =AVERAGE('消融原始 0921'!D30:D49) -> 0.1125 | H49: =AVERAGE('消融原始 0921'!D25:D49) -> 0.1 | I49: =AVERAGE('消融原始 0921'!D20:D49) -> 0.1 | J49: =AVERAGE('消融原始 0921'!D10:D49) -> 0.08125 | K49: =AVERAGE('消融原始 0921'!D2:D49) -> 0.072916667
A50: t05 | B50: 49 | C50: ='消融原始 0921'!B50-'消融实验 0921'!$E$2+1 -> -95 | D50: =AVERAGE('消融原始 0921'!D46:D50) -> 0.1 | E50: =AVERAGE('消融原始 0921'!D41:D50) -> 0.075 | F50: =AVERAGE('消融原始 0921'!D36:D50) -> 0.1 | G50: =AVERAGE('消融原始 0921'!D31:D50) -> 0.1125 | H50: =AVERAGE('消融原始 0921'!D26:D50) -> 0.1 | I50: =AVERAGE('消融原始 0921'!D21:D50) -> 0.091666667 | J50: =AVERAGE('消融原始 0921'!D11:D50) -> 0.08125 | K50: =AVERAGE('消融原始 0921'!D2:D50) -> 0.071428571
A51: t05 | B51: 50 | C51: ='消融原始 0921'!B51-'消融实验 0921'!$E$2+1 -> -94 | D51: =AVERAGE('消融原始 0921'!D47:D51) -> 0.1 | E51: =AVERAGE('消融原始 0921'!D42:D51) -> 0.075 | F51: =AVERAGE('消融原始 0921'!D37:D51) -> 0.083333333 | G51: =AVERAGE('消融原始 0921'!D32:D51) -> 0.1125 | H51: =AVERAGE('消融原始 0921'!D27:D51) -> 0.1 | I51: =AVERAGE('消融原始 0921'!D22:D51) -> 0.091666667 | J51: =AVERAGE('消融原始 0921'!D12:D51) -> 0.08125 | K51: =AVERAGE('消融原始 0921'!D2:D51) -> 0.07
A52: t05 | B52: 51 | C52: ='消融原始 0921'!B52-'消融实验 0921'!$E$2+1 -> -93 | D52: =AVERAGE('消融原始 0921'!D48:D52) -> 0.1 | E52: =AVERAGE('消融原始 0921'!D43:D52) -> 0.05 | F52: =AVERAGE('消融原始 0921'!D38:D52) -> 0.083333333 | G52: =AVERAGE('消融原始 0921'!D33:D52) -> 0.1125 | H52: =AVERAGE('消融原始 0921'!D28:D52) -> 0.1 | I52: =AVERAGE('消融原始 0921'!D23:D52) -> 0.091666667 | J52: =AVERAGE('消融原始 0921'!D13:D52) -> 0.08125 | K52: =AVERAGE('消融原始 0921'!D3:D52) -> 0.07
A53: t05 | B53: 52 | C53: ='消融原始 0921'!B53-'消融实验 0921'!$E$2+1 -> -92 | D53: =AVERAGE('消融原始 0921'!D49:D53) -> 0.05 | E53: =AVERAGE('消融原始 0921'!D44:D53) -> 0.05 | F53: =AVERAGE('消融原始 0921'!D39:D53) -> 0.066666667 | G53: =AVERAGE('消融原始 0921'!D34:D53) -> 0.0875 | H53: =AVERAGE('消融原始 0921'!D29:D53) -> 0.1 | I53: =AVERAGE('消融原始 0921'!D24:D53) -> 0.083333333 | J53: =AVERAGE('消融原始 0921'!D14:D53) -> 0.08125 | K53: =AVERAGE('消融原始 0921'!D4:D53) -> 0.07
A54: t05 | B54: 53 | C54: ='消融原始 0921'!B54-'消融实验 0921'!$E$2+1 -> -91 | D54: =AVERAGE('消融原始 0921'!D50:D54) -> 0 | E54: =AVERAGE('消融原始 0921'!D45:D54) -> 0.05 | F54: =AVERAGE('消融原始 0921'!D40:D54) -> 0.066666667 | G54: =AVERAGE('消融原始 0921'!D35:D54) -> 0.075 | H54: =AVERAGE('消融原始 0921'!D30:D54) -> 0.09 | I54: =AVERAGE('消融原始 0921'!D25:D54) -> 0.083333333 | J54: =AVERAGE('消融原始 0921'!D15:D54) -> 0.08125 | K54: =AVERAGE('消融原始 0921'!D5:D54) -> 0.07
A55: t05 | B55: 54 | C55: ='消融原始 0921'!B55-'消融实验 0921'!$E$2+1 -> -90 | D55: =AVERAGE('消融原始 0921'!D51:D55) -> 0.05 | E55: =AVERAGE('消融原始 0921'!D46:D55) -> 0.075 | F55: =AVERAGE('消融原始 0921'!D41:D55) -> 0.066666667 | G55: =AVERAGE('消融原始 0921'!D36:D55) -> 0.0875 | H55: =AVERAGE('消融原始 0921'!D31:D55) -> 0.1 | I55: =AVERAGE('消融原始 0921'!D26:D55) -> 0.091666667 | J55: =AVERAGE('消融原始 0921'!D16:D55) -> 0.0875 | K55: =AVERAGE('消融原始 0921'!D6:D55) -> 0.075
A56: t05 | B56: 55 | C56: ='消融原始 0921'!B56-'消融实验 0921'!$E$2+1 -> -89 | D56: =AVERAGE('消融原始 0921'!D52:D56) -> 0.05 | E56: =AVERAGE('消融原始 0921'!D47:D56) -> 0.075 | F56: =AVERAGE('消融原始 0921'!D42:D56) -> 0.066666667 | G56: =AVERAGE('消融原始 0921'!D37:D56) -> 0.075 | H56: =AVERAGE('消融原始 0921'!D32:D56) -> 0.1 | I56: =AVERAGE('消融原始 0921'!D27:D56) -> 0.091666667 | J56: =AVERAGE('消融原始 0921'!D17:D56) -> 0.0875 | K56: =AVERAGE('消融原始 0921'!D7:D56) -> 0.07
A57: t05 | B57: 56 | C57: ='消融原始 0921'!B57-'消融实验 0921'!$E$2+1 -> -88 | D57: =AVERAGE('消融原始 0921'!D53:D57) -> 0.05 | E57: =AVERAGE('消融原始 0921'!D48:D57) -> 0.075 | F57: =AVERAGE('消融原始 0921'!D43:D57) -> 0.05 | G57: =AVERAGE('消融原始 0921'!D38:D57) -> 0.075 | H57: =AVERAGE('消融原始 0921'!D33:D57) -> 0.1 | I57: =AVERAGE('消融原始 0921'!D28:D57) -> 0.091666667 | J57: =AVERAGE('消融原始 0921'!D18:D57) -> 0.0875 | K57: =AVERAGE('消融原始 0921'!D8:D57) -> 0.07
A58: t05 | B58: 57 | C58: ='消融原始 0921'!B58-'消融实验 0921'!$E$2+1 -> -87 | D58: =AVERAGE('消融原始 0921'!D54:D58) -> 0.05 | E58: =AVERAGE('消融原始 0921'!D49:D58) -> 0.05 | F58: =AVERAGE('消融原始 0921'!D44:D58) -> 0.05 | G58: =AVERAGE('消融原始 0921'!D39:D58) -> 0.0625 | H58: =AVERAGE('消融原始 0921'!D34:D58) -> 0.08 | I58: =AVERAGE('消融原始 0921'!D29:D58) -> 0.091666667 | J58: =AVERAGE('消融原始 0921'!D19:D58) -> 0.08125 | K58: =AVERAGE('消融原始 0921'!D9:D58) -> 0.07
A59: t05 | B59: 58 | C59: ='消融原始 0921'!B59-'消融实验 0921'!$E$2+1 -> -86 | D59: =AVERAGE('消融原始 0921'!D55:D59) -> 0.05 | E59: =AVERAGE('消融原始 0921'!D50:D59) -> 0.025 | F59: =AVERAGE('消融原始 0921'!D45:D59) -> 0.05 | G59: =AVERAGE('消融原始 0921'!D40:D59) -> 0.0625 | H59: =AVERAGE('消融原始 0921'!D35:D59) -> 0.07 | I59: =AVERAGE('消融原始 0921'!D30:D59) -> 0.083333333 | J59: =AVERAGE('消融原始 0921'!D20:D59) -> 0.08125 | K59: =AVERAGE('消融原始 0921'!D10:D59) -> 0.07
A60: t05 | B60: 59 | C60: ='消融原始 0921'!B60-'消融实验 0921'!$E$2+1 -> -85 | D60: =AVERAGE('消融原始 0921'!D56:D60) -> 0 | E60: =AVERAGE('消融原始 0921'!D51:D60) -> 0.025 | F60: =AVERAGE('消融原始 0921'!D46:D60) -> 0.05 | G60: =AVERAGE('消融原始 0921'!D41:D60) -> 0.05 | H60: =AVERAGE('消融原始 0921'!D36:D60) -> 0.07 | I60: =AVERAGE('消融原始 0921'!D31:D60) -> 0.083333333 | J60: =AVERAGE('消融原始 0921'!D21:D60) -> 0.075 | K60: =AVERAGE('消融原始 0921'!D11:D60) -> 0.07
A61: t05 | B61: 60 | C61: ='消融原始 0921'!B61-'消融实验 0921'!$E$2+1 -> -84 | D61: =AVERAGE('消融原始 0921'!D57:D61) -> 0 | E61: =AVERAGE('消融原始 0921'!D52:D61) -> 0.025 | F61: =AVERAGE('消融原始 0921'!D47:D61) -> 0.05 | G61: =AVERAGE('消融原始 0921'!D42:D61) -> 0.05 | H61: =AVERAGE('消融原始 0921'!D37:D61) -> 0.06 | I61: =AVERAGE('消融原始 0921'!D32:D61) -> 0.083333333 | J61: =AVERAGE('消融原始 0921'!D22:D61) -> 0.075 | K61: =AVERAGE('消融原始 0921'!D12:D61) -> 0.07
A62: t05 | B62: 61 | C62: ='消融原始 0921'!B62-'消融实验 0921'!$E$2+1 -> -83 | D62: =AVERAGE('消融原始 0921'!D58:D62) -> 0 | E62: =AVERAGE('消融原始 0921'!D53:D62) -> 0.025 | F62: =AVERAGE('消融原始 0921'!D48:D62) -> 0.05 | G62: =AVERAGE('消融原始 0921'!D43:D62) -> 0.0375 | H62: =AVERAGE('消融原始 0921'!D38:D62) -> 0.06 | I62: =AVERAGE('消融原始 0921'!D33:D62) -> 0.083333333 | J62: =AVERAGE('消融原始 0921'!D23:D62) -> 0.075 | K62: =AVERAGE('消融原始 0921'!D13:D62) -> 0.07
... A501: t05 | B501: 500 | C501: ='消融原始 0921'!B501-'消融实验 0921'!$E$2+1 -> 356 | D501: =AVERAGE('消融原始 0921'!D497:D501) -> 1 | E501: =AVERAGE('消融原始 0921'!D492:D501) -> 0.975 | F501: =AVERAGE('消融原始 0921'!D487:D501) -> 0.98333333 | G501: =AVERAGE('消融原始 0921'!D482:D501) -> 0.9875 | H501: =AVERAGE('消融原始 0921'!D477:D501) -> 0.99 | I501: =AVERAGE('消融原始 0921'!D472:D501) -> 0.99166667 | J501: =AVERAGE('消融原始 0921'!D462:D501) -> 0.98125 | K501: =AVERAGE('消融原始 0921'!D452:D501) -> 0.985
A502: t1 | B502: 1 | C502: ='消融原始 0921'!B502-'消融实验 0921'!$E$3+1 -> -144 | D502: =AVERAGE('消融原始 0921'!D502:D502) -> 0 | E502: =AVERAGE('消融原始 0921'!D502:D502) -> 0 | F502: =AVERAGE('消融原始 0921'!D502:D502) -> 0 | G502: =AVERAGE('消融原始 0921'!D502:D502) -> 0 | H502: =AVERAGE('消融原始 0921'!D502:D502) -> 0 | I502: =AVERAGE('消融原始 0921'!D502:D502) -> 0 | J502: =AVERAGE('消融原始 0921'!D502:D502) -> 0 | K502: =AVERAGE('消融原始 0921'!D502:D502) -> 0
A503: t1 | B503: 2 | C503: ='消融原始 0921'!B503-'消融实验 0921'!$E$3+1 -> -143 | D503: =AVERAGE('消融原始 0921'!D502:D503) -> 0 | E503: =AVERAGE('消融原始 0921'!D502:D503) -> 0 | F503: =AVERAGE('消融原始 0921'!D502:D503) -> 0 | G503: =AVERAGE('消融原始 0921'!D502:D503) -> 0 | H503: =AVERAGE('消融原始 0921'!D502:D503) -> 0 | I503: =AVERAGE('消融原始 0921'!D502:D503) -> 0 | J503: =AVERAGE('消融原始 0921'!D502:D503) -> 0 | K503: =AVERAGE('消融原始 0921'!D502:D503) -> 0
A504: t1 | B504: 3 | C504: ='消融原始 0921'!B504-'消融实验 0921'!$E$3+1 -> -142 | D504: =AVERAGE('消融原始 0921'!D502:D504) -> 0.16666667 | E504: =AVERAGE('消融原始 0921'!D502:D504) -> 0.16666667 | F504: =AVERAGE('消融原始 0921'!D502:D504) -> 0.16666667 | G504: =AVERAGE('消融原始 0921'!D502:D504) -> 0.16666667 | H504: =AVERAGE('消融原始 0921'!D502:D504) -> 0.16666667 | I504: =AVERAGE('消融原始 0921'!D502:D504) -> 0.16666667 | J504: =AVERAGE('消融原始 0921'!D502:D504) -> 0.16666667 | K504: =AVERAGE('消融原始 0921'!D502:D504) -> 0.16666667
A505: t1 | B505: 4 | C505: ='消融原始 0921'!B505-'消融实验 0921'!$E$3+1 -> -141 | D505: =AVERAGE('消融原始 0921'!D502:D505) -> 0.1875 | E505: =AVERAGE('消融原始 0921'!D502:D505) -> 0.1875 | F505: =AVERAGE('消融原始 0921'!D502:D505) -> 0.1875 | G505: =AVERAGE('消融原始 0921'!D502:D505) -> 0.1875 | H505: =AVERAGE('消融原始 0921'!D502:D505) -> 0.1875 | I505: =AVERAGE('消融原始 0921'!D502:D505) -> 0.1875 | J505: =AVERAGE('消融原始 0921'!D502:D505) -> 0.1875 | K505: =AVERAGE('消融原始 0921'!D502:D505) -> 0.1875
A506: t1 | B506: 5 | C506: ='消融原始 0921'!B506-'消融实验 0921'!$E$3+1 -> -140 | D506: =AVERAGE('消融原始 0921'!D502:D506) -> 0.15 | E506: =AVERAGE('消融原始 0921'!D502:D506) -> 0.15 | F506: =AVERAGE('消融原始 0921'!D502:D506) -> 0.15 | G506: =AVERAGE('消融原始 0921'!D502:D506) -> 0.15 | H506: =AVERAGE('消融原始 0921'!D502:D506) -> 0.15 | I506: =AVERAGE('消融原始 0921'!D502:D506) -> 0.15 | J506: =AVERAGE('消融原始 0921'!D502:D506) -> 0.15 | K506: =AVERAGE('消融原始 0921'!D502:D506) -> 0.15
A507: t1 | B507: 6 | C507: ='消融原始 0921'!B507-'消融实验 0921'!$E$3+1 -> -139 | D507: =AVERAGE('消融原始 0921'!D503:D507) -> 0.15 | E507: =AVERAGE('消融原始 0921'!D502:D507) -> 0.125 | F507: =AVERAGE('消融原始 0921'!D502:D507) -> 0.125 | G507: =AVERAGE('消融原始 0921'!D502:D507) -> 0.125 | H507: =AVERAGE('消融原始 0921'!D502:D507) -> 0.125 | I507: =AVERAGE('消融原始 0921'!D502:D507) -> 0.125 | J507: =AVERAGE('消融原始 0921'!D502:D507) -> 0.125 | K507: =AVERAGE('消融原始 0921'!D502:D507) -> 0.125
A508: t1 | B508: 7 | C508: ='消融原始 0921'!B508-'消融实验 0921'!$E$3+1 -> -138 | D508: =AVERAGE('消融原始 0921'!D504:D508) -> 0.15 | E508: =AVERAGE('消融原始 0921'!D502:D508) -> 0.10714286 | F508: =AVERAGE('消融原始 0921'!D502:D508) -> 0.10714286 | G508: =AVERAGE('消融原始 0921'!D502:D508) -> 0.10714286 | H508: =AVERAGE('消融原始 0921'!D502:D508) -> 0.10714286 | I508: =AVERAGE('消融原始 0921'!D502:D508) -> 0.10714286 | J508: =AVERAGE('消融原始 0921'!D502:D508) -> 0.10714286 | K508: =AVERAGE('消融原始 0921'!D502:D508) -> 0.10714286
A509: t1 | B509: 8 | C509: ='消融原始 0921'!B509-'消融实验 0921'!$E$3+1 -> -137 | D509: =AVERAGE('消融原始 0921'!D505:D509) -> 0.1 | E509: =AVERAGE('消融原始 0921'!D502:D509) -> 0.125 | F509: =AVERAGE('消融原始 0921'!D502:D509) -> 0.125 | G509: =AVERAGE('消融原始 0921'!D502:D509) -> 0.125 | H509: =AVERAGE('消融原始 0921'!D502:D509) -> 0.125 | I509: =AVERAGE('消融原始 0921'!D502:D509) -> 0.125 | J509: =AVERAGE('消融原始 0921'!D502:D509) -> 0.125 | K509: =AVERAGE('消融原始 0921'!D502:D509) -> 0.125
A510: t1 | B510: 9 | C510: ='消融原始 0921'!B510-'消融实验 0921'!$E$3+1 -> -136 | D510: =AVERAGE('消融原始 0921'!D506:D510) -> 0.05 | E510: =AVERAGE('消融原始 0921'!D502:D510) -> 0.11111111 | F510: =AVERAGE('消融原始 0921'!D502:D510) -> 0.11111111 | G510: =AVERAGE('消融原始 0921'!D502:D510) -> 0.11111111 | H510: =AVERAGE('消融原始 0921'!D502:D510) -> 0.11111111 | I510: =AVERAGE('消融原始 0921'!D502:D510) -> 0.11111111 | J510: =AVERAGE('消融原始 0921'!D502:D510) -> 0.11111111 | K510: =AVERAGE('消融原始 0921'!D502:D510) -> 0.11111111
A511: t1 | B511: 10 | C511: ='消融原始 0921'!B511-'消融实验 0921'!$E$3+1 -> -135 | D511: =AVERAGE('消融原始 0921'!D507:D511) -> 0.1 | E511: =AVERAGE('消融原始 0921'!D502:D511) -> 0.125 | F511: =AVERAGE('消融原始 0921'!D502:D511) -> 0.125 | G511: =AVERAGE('消融原始 0921'!D502:D511) -> 0.125 | H511: =AVERAGE('消融原始 0921'!D502:D511) -> 0.125 | I511: =AVERAGE('消融原始 0921'!D502:D511) -> 0.125 | J511: =AVERAGE('消融原始 0921'!D502:D511) -> 0.125 | K511: =AVERAGE('消融原始 0921'!D502:D511) -> 0.125
A512: t1 | B512: 11 | C512: ='消融原始 0921'!B512-'消融实验 0921'!$E$3+1 -> -134 | D512: =AVERAGE('消融原始 0921'!D508:D512) -> 0.1 | E512: =AVERAGE('消融原始 0921'!D503:D512) -> 0.125 | F512: =AVERAGE('消融原始 0921'!D502:D512) -> 0.11363636 | G512: =AVERAGE('消融原始 0921'!D502:D512) -> 0.11363636 | H512: =AVERAGE('消融原始 0921'!D502:D512) -> 0.11363636 | I512: =AVERAGE('消融原始 0921'!D502:D512) -> 0.11363636 | J512: =AVERAGE('消融原始 0921'!D502:D512) -> 0.11363636 | K512: =AVERAGE('消融原始 0921'!D502:D512) -> 0.11363636
A513: t1 | B513: 12 | C513: ='消融原始 0921'!B513-'消融实验 0921'!$E$3+1 -> -133 | D513: =AVERAGE('消融原始 0921'!D509:D513) -> 0.1 | E513: =AVERAGE('消融原始 0921'!D504:D513) -> 0.125 | F513: =AVERAGE('消融原始 0921'!D502:D513) -> 0.10416667 | G513: =AVERAGE('消融原始 0921'!D502:D513) -> 0.10416667 | H513: =AVERAGE('消融原始 0921'!D502:D513) -> 0.10416667 | I513: =AVERAGE('消融原始 0921'!D502:D513) -> 0.10416667 | J513: =AVERAGE('消融原始 0921'!D502:D513) -> 0.10416667 | K513: =AVERAGE('消融原始 0921'!D502:D513) -> 0.10416667
A514: t1 | B514: 13 | C514: ='消融原始 0921'!B514-'消融实验 0921'!$E$3+1 -> -132 | D514: =AVERAGE('消融原始 0921'!D510:D514) -> 0.05 | E514: =AVERAGE('消融原始 0921'!D505:D514) -> 0.075 | F514: =AVERAGE('消融原始 0921'!D502:D514) -> 0.096153846 | G514: =AVERAGE('消融原始 0921'!D502:D514) -> 0.096153846 | H514: =AVERAGE('消融原始 0921'!D502:D514) -> 0.096153846 | I514: =AVERAGE('消融原始 0921'!D502:D514) -> 0.096153846 | J514: =AVERAGE('消融原始 0921'!D502:D514) -> 0.096153846 | K514: =AVERAGE('消融原始 0921'!D502:D514) -> 0.096153846
A515: t1 | B515: 14 | C515: ='消融原始 0921'!B515-'消融实验 0921'!$E$3+1 -> -131 | D515: =AVERAGE('消融原始 0921'!D511:D515) -> 0.05 | E515: =AVERAGE('消融原始 0921'!D506:D515) -> 0.05 | F515: =AVERAGE('消融原始 0921'!D502:D515) -> 0.089285714 | G515: =AVERAGE('消融原始 0921'!D502:D515) -> 0.089285714 | H515: =AVERAGE('消融原始 0921'!D502:D515) -> 0.089285714 | I515: =AVERAGE('消融原始 0921'!D502:D515) -> 0.089285714 | J515: =AVERAGE('消融原始 0921'!D502:D515) -> 0.089285714 | K515: =AVERAGE('消融原始 0921'!D502:D515) -> 0.089285714
A516: t1 | B516: 15 | C516: ='消融原始 0921'!B516-'消融实验 0921'!$E$3+1 -> -130 | D516: =AVERAGE('消融原始 0921'!D512:D516) -> 0 | E516: =AVERAGE('消融原始 0921'!D507:D516) -> 0.05 | F516: =AVERAGE('消融原始 0921'!D502:D516) -> 0.083333333 | G516: =AVERAGE('消融原始 0921'!D502:D516) -> 0.083333333 | H516: =AVERAGE('消融原始 0921'!D502:D516) -> 0.083333333 | I516: =AVERAGE('消融原始 0921'!D502:D516) -> 0.083333333 | J516: =AVERAGE('消融原始 0921'!D502:D516) -> 0.083333333 | K516: =AVERAGE('消融原始 0921'!D502:D516) -> 0.083333333
A517: t1 | B517: 16 | C517: ='消融原始 0921'!B517-'消融实验 0921'!$E$3+1 -> -129 | D517: =AVERAGE('消融原始 0921'!D513:D517) -> 0 | E517: =AVERAGE('消融原始 0921'!D508:D517) -> 0.05 | F517: =AVERAGE('消融原始 0921'!D503:D517) -> 0.083333333 | G517: =AVERAGE('消融原始 0921'!D502:D517) -> 0.078125 | H517: =AVERAGE('消融原始 0921'!D502:D517) -> 0.078125 | I517: =AVERAGE('消融原始 0921'!D502:D517) -> 0.078125 | J517: =AVERAGE('消融原始 0921'!D502:D517) -> 0.078125 | K517: =AVERAGE('消融原始 0921'!D502:D517) -> 0.078125
A518: t1 | B518: 17 | C518: ='消融原始 0921'!B518-'消融实验 0921'!$E$3+1 -> -128 | D518: =AVERAGE('消融原始 0921'!D514:D518) -> 0.05 | E518: =AVERAGE('消融原始 0921'!D509:D518) -> 0.075 | F518: =AVERAGE('消融原始 0921'!D504:D518) -> 0.1 | G518: =AVERAGE('消融原始 0921'!D502:D518) -> 0.088235294 | H518: =AVERAGE('消融原始 0921'!D502:D518) -> 0.088235294 | I518: =AVERAGE('消融原始 0921'!D502:D518) -> 0.088235294 | J518: =AVERAGE('消融原始 0921'!D502:D518) -> 0.088235294 | K518: =AVERAGE('消融原始 0921'!D502:D518) -> 0.088235294
A519: t1 | B519: 18 | C519: ='消融原始 0921'!B519-'消融实验 0921'!$E$3+1 -> -127 | D519: =AVERAGE('消融原始 0921'!D515:D519) -> 0.1 | E519: =AVERAGE('消融原始 0921'!D510:D519) -> 0.075 | F519: =AVERAGE('消融原始 0921'!D505:D519) -> 0.083333333 | G519: =AVERAGE('消融原始 0921'!D502:D519) -> 0.097222222 | H519: =AVERAGE('消融原始 0921'!D502:D519) -> 0.097222222 | I519: =AVERAGE('消融原始 0921'!D502:D519) -> 0.097222222 | J519: =AVERAGE('消融原始 0921'!D502:D519) -> 0.097222222 | K519: =AVERAGE('消融原始 0921'!D502:D519) -> 0.097222222
A520: t1 | B520: 19 | C520: ='消融原始 0921'!B520-'消融实验 0921'!$E$3+1 -> -126 | D520: =AVERAGE('消融原始 0921'!D516:D520) -> 0.15 | E520: =AVERAGE('消融原始 0921'!D511:D520) -> 0.1 | F520: =AVERAGE('消融原始 0921'!D506:D520) -> 0.083333333 | G520: =AVERAGE('消融原始 0921'!D502:D520) -> 0.10526316 | H520: =AVERAGE('消融原始 0921'!D502:D520) -> 0.10526316 | I520: =AVERAGE('消融原始 0921'!D502:D520) -> 0.10526316 | J520: =AVERAGE('消融原始 0921'!D502:D520) -> 0.10526316 | K520: =AVERAGE('消融原始 0921'!D502:D520) -> 0.10526316
A521: t1 | B521: 20 | C521: ='消融原始 0921'!B521-'消融实验 0921'!$E$3+1 -> -125 | D521: =AVERAGE('消融原始 0921'!D517:D521) -> 0.15 | E521: =AVERAGE('消融原始 0921'!D512:D521) -> 0.075 | F521: =AVERAGE('消融原始 0921'!D507:D521) -> 0.083333333 | G521: =AVERAGE('消融原始 0921'!D502:D521) -> 0.1 | H521: =AVERAGE('消融原始 0921'!D502:D521) -> 0.1 | I521: =AVERAGE('消融原始 0921'!D502:D521) -> 0.1 | J521: =AVERAGE('消融原始 0921'!D502:D521) -> 0.1 | K521: =AVERAGE('消融原始 0921'!D502:D521) -> 0.1
A522: t1 | B522: 21 | C522: ='消融原始 0921'!B522-'消融实验 0921'!$E$3+1 -> -124 | D522: =AVERAGE('消融原始 0921'!D518:D522) -> 0.15 | E522: =AVERAGE('消融原始 0921'!D513:D522) -> 0.075 | F522: =AVERAGE('消融原始 0921'!D508:D522) -> 0.083333333 | G522: =AVERAGE('消融原始 0921'!D503:D522) -> 0.1 | H522: =AVERAGE('消融原始 0921'!D502:D522) -> 0.095238095 | I522: =AVERAGE('消融原始 0921'!D502:D522) -> 0.095238095 | J522: =AVERAGE('消融原始 0921'!D502:D522) -> 0.095238095 | K522: =AVERAGE('消融原始 0921'!D502:D522) -> 0.095238095
A523: t1 | B523: 22 | C523: ='消融原始 0921'!B523-'消融实验 0921'!$E$3+1 -> -123 | D523: =AVERAGE('消融原始 0921'!D519:D523) -> 0.1 | E523: =AVERAGE('消融原始 0921'!D514:D523) -> 0.075 | F523: =AVERAGE('消融原始 0921'!D509:D523) -> 0.083333333 | G523: =AVERAGE('消融原始 0921'!D504:D523) -> 0.1 | H523: =AVERAGE('消融原始 0921'!D502:D523) -> 0.090909091 | I523: =AVERAGE('消融原始 0921'!D502:D523) -> 0.090909091 | J523: =AVERAGE('消融原始 0921'!D502:D523) -> 0.090909091 | K523: =AVERAGE('消融原始 0921'!D502:D523) -> 0.090909091
A524: t1 | B524: 23 | C524: ='消融原始 0921'!B524-'消融实验 0921'!$E$3+1 -> -122 | D524: =AVERAGE('消融原始 0921'!D520:D524) -> 0.05 | E524: =AVERAGE('消融原始 0921'!D515:D524) -> 0.075 | F524: =AVERAGE('消融原始 0921'!D510:D524) -> 0.066666667 | G524: =AVERAGE('消融原始 0921'!D505:D524) -> 0.075 | H524: =AVERAGE('消融原始 0921'!D502:D524) -> 0.086956522 | I524: =AVERAGE('消融原始 0921'!D502:D524) -> 0.086956522 | J524: =AVERAGE('消融原始 0921'!D502:D524) -> 0.086956522 | K524: =AVERAGE('消融原始 0921'!D502:D524) -> 0.086956522
A525: t1 | B525: 24 | C525: ='消融原始 0921'!B525-'消融实验 0921'!$E$3+1 -> -121 | D525: =AVERAGE('消融原始 0921'!D521:D525) -> 0.05 | E525: =AVERAGE('消融原始 0921'!D516:D525) -> 0.1 | F525: =AVERAGE('消融原始 0921'!D511:D525) -> 0.083333333 | G525: =AVERAGE('消融原始 0921'!D506:D525) -> 0.075 | H525: =AVERAGE('消融原始 0921'!D502:D525) -> 0.09375 | I525: =AVERAGE('消融原始 0921'!D502:D525) -> 0.09375 | J525: =AVERAGE('消融原始 0921'!D502:D525) -> 0.09375 | K525: =AVERAGE('消融原始 0921'!D502:D525) -> 0.09375
A526: t1 | B526: 25 | C526: ='消融原始 0921'!B526-'消融实验 0921'!$E$3+1 -> -120 | D526: =AVERAGE('消融原始 0921'!D522:D526) -> 0.05 | E526: =AVERAGE('消融原始 0921'!D517:D526) -> 0.1 | F526: =AVERAGE('消融原始 0921'!D512:D526) -> 0.066666667 | G526: =AVERAGE('消融原始 0921'!D507:D526) -> 0.075 | H526: =AVERAGE('消融原始 0921'!D502:D526) -> 0.09 | I526: =AVERAGE('消融原始 0921'!D502:D526) -> 0.09 | J526: =AVERAGE('消融原始 0921'!D502:D526) -> 0.09 | K526: =AVERAGE('消融原始 0921'!D502:D526) -> 0.09
A527: t1 | B527: 26 | C527: ='消融原始 0921'!B527-'消融实验 0921'!$E$3+1 -> -119 | D527: =AVERAGE('消融原始 0921'!D523:D527) -> 0.05 | E527: =AVERAGE('消融原始 0921'!D518:D527) -> 0.1 | F527: =AVERAGE('消融原始 0921'!D513:D527) -> 0.066666667 | G527: =AVERAGE('消融原始 0921'!D508:D527) -> 0.075 | H527: =AVERAGE('消融原始 0921'!D503:D527) -> 0.09 | I527: =AVERAGE('消融原始 0921'!D502:D527) -> 0.086538462 | J527: =AVERAGE('消融原始 0921'!D502:D527) -> 0.086538462 | K527: =AVERAGE('消融原始 0921'!D502:D527) -> 0.086538462
A528: t1 | B528: 27 | C528: ='消融原始 0921'!B528-'消融实验 0921'!$E$3+1 -> -118 | D528: =AVERAGE('消融原始 0921'!D524:D528) -> 0.1 | E528: =AVERAGE('消融原始 0921'!D519:D528) -> 0.1 | F528: =AVERAGE('消融原始 0921'!D514:D528) -> 0.083333333 | G528: =AVERAGE('消融原始 0921'!D509:D528) -> 0.0875 | H528: =AVERAGE('消融原始 0921'!D504:D528) -> 0.1 | I528: =AVERAGE('消融原始 0921'!D502:D528) -> 0.092592593 | J528: =AVERAGE('消融原始 0921'!D502:D528) -> 0.092592593 | K528: =AVERAGE('消融原始 0921'!D502:D528) -> 0.092592593
A529: t1 | B529: 28 | C529: ='消融原始 0921'!B529-'消融实验 0921'!$E$3+1 -> -117 | D529: =AVERAGE('消融原始 0921'!D525:D529) -> 0.1 | E529: =AVERAGE('消融原始 0921'!D520:D529) -> 0.075 | F529: =AVERAGE('消融原始 0921'!D515:D529) -> 0.083333333 | G529: =AVERAGE('消融原始 0921'!D510:D529) -> 0.075 | H529: =AVERAGE('消融原始 0921'!D505:D529) -> 0.08 | I529: =AVERAGE('消融原始 0921'!D502:D529) -> 0.089285714 | J529: =AVERAGE('消融原始 0921'!D502:D529) -> 0.089285714 | K529: =AVERAGE('消融原始 0921'!D502:D529) -> 0.089285714
A530: t1 | B530: 29 | C530: ='消融原始 0921'!B530-'消融实验 0921'!$E$3+1 -> -116 | D530: =AVERAGE('消融原始 0921'!D526:D530) -> 0.05 | E530: =AVERAGE('消融原始 0921'!D521:D530) -> 0.05 | F530: =AVERAGE('消融原始 0921'!D516:D530) -> 0.083333333 | G530: =AVERAGE('消融原始 0921'!D511:D530) -> 0.075 | H530: =AVERAGE('消融原始 0921'!D506:D530) -> 0.07 | I530: =AVERAGE('消融原始 0921'!D502:D530) -> 0.086206897 | J530: =AVERAGE('消融原始 0921'!D502:D530) -> 0.086206897 | K530: =AVERAGE('消融原始 0921'!D502:D530) -> 0.086206897
A531: t1 | B531: 30 | C531: ='消融原始 0921'!B531-'消融实验 0921'!$E$3+1 -> -115 | D531: =AVERAGE('消融原始 0921'!D527:D531) -> 0.1 | E531: =AVERAGE('消融原始 0921'!D522:D531) -> 0.075 | F531: =AVERAGE('消融原始 0921'!D517:D531) -> 0.1 | G531: =AVERAGE('消融原始 0921'!D512:D531) -> 0.075 | H531: =AVERAGE('消融原始 0921'!D507:D531) -> 0.08 | I531: =AVERAGE('消融原始 0921'!D502:D531) -> 0.091666667 | J531: =AVERAGE('消融原始 0921'!D502:D531) -> 0.091666667 | K531: =AVERAGE('消融原始 0921'!D502:D531) -> 0.091666667
A532: t1 | B532: 31 | C532: ='消融原始 0921'!B532-'消融实验 0921'!$E$3+1 -> -114 | D532: =AVERAGE('消融原始 0921'!D528:D532) -> 0.1 | E532: =AVERAGE('消融原始 0921'!D523:D532) -> 0.075 | F532: =AVERAGE('消融原始 0921'!D518:D532) -> 0.1 | G532: =AVERAGE('消融原始 0921'!D513:D532) -> 0.075 | H532: =AVERAGE('消融原始 0921'!D508:D532) -> 0.08 | I532: =AVERAGE('消融原始 0921'!D503:D532) -> 0.091666667 | J532: =AVERAGE('消融原始 0921'!D502:D532) -> 0.088709677 | K532: =AVERAGE('消融原始 0921'!D502:D532) -> 0.088709677
A533: t1 | B533: 32 | C533: ='消融原始 0921'!B533-'消融实验 0921'!$E$3+1 -> -113 | D533: =AVERAGE('消融原始 0921'!D529:D533) -> 0.1 | E533: =AVERAGE('消融原始 0921'!D524:D533) -> 0.1 | F533: =AVERAGE('消融原始 0921'!D519:D533) -> 0.1 | G533: =AVERAGE('消融原始 0921'!D514:D533) -> 0.0875 | H533: =AVERAGE('消融原始 0921'!D509:D533) -> 0.09 | I533: =AVERAGE('消融原始 0921'!D504:D533) -> 0.1 | J533: =AVERAGE('消融原始 0921'!D502:D533) -> 0.09375 | K533: =AVERAGE('消融原始 0921'!D502:D533) -> 0.09375
A534: t1 | B534: 33 | C534: ='消融原始 0921'!B534-'消融实验 0921'!$E$3+1 -> -112 | D534: =AVERAGE('消融原始 0921'!D530:D534) -> 0.1 | E534: =AVERAGE('消融原始 0921'!D525:D534) -> 0.1 | F534: =AVERAGE('消融原始 0921'!D520:D534) -> 0.083333333 | G534: =AVERAGE('消融原始 0921'!D515:D534) -> 0.0875 | H534: =AVERAGE('消融原始 0921'!D510:D534) -> 0.08 | I534: =AVERAGE('消融原始 0921'!D505:D534) -> 0.083333333 | J534: =AVERAGE('消融原始 0921'!D502:D534) -> 0.090909091 | K534: =AVERAGE('消融原始 0921'!D502:D534) -> 0.090909091
A535: t1 | B535: 34 | C535: ='消融原始 0921'!B535-'消融实验 0921'!$E$3+1 -> -111 | D535: =AVERAGE('消融原始 0921'!D531:D535) -> 0.1 | E535: =AVERAGE('消融原始 0921'!D526:D535) -> 0.075 | F535: =AVERAGE('消融原始 0921'!D521:D535) -> 0.066666667 | G535: =AVERAGE('消融原始 0921'!D516:D535) -> 0.0875 | H535: =AVERAGE('消融原始 0921'!D511:D535) -> 0.08 | I535: =AVERAGE('消融原始 0921'!D506:D535) -> 0.075 | J535: =AVERAGE('消融原始 0921'!D502:D535) -> 0.088235294 | K535: =AVERAGE('消融原始 0921'!D502:D535) -> 0.088235294
A536: t1 | B536: 35 | C536: ='消融原始 0921'!B536-'消融实验 0921'!$E$3+1 -> -110 | D536: =AVERAGE('消融原始 0921'!D532:D536) -> 0.05 | E536: =AVERAGE('消融原始 0921'!D527:D536) -> 0.075 | F536: =AVERAGE('消融原始 0921'!D522:D536) -> 0.066666667 | G536: =AVERAGE('消融原始 0921'!D517:D536) -> 0.0875 | H536: =AVERAGE('消融原始 0921'!D512:D536) -> 0.07 | I536: =AVERAGE('消融原始 0921'!D507:D536) -> 0.075 | J536: =AVERAGE('消融原始 0921'!D502:D536) -> 0.085714286 | K536: =AVERAGE('消融原始 0921'!D502:D536) -> 0.085714286
A537: t1 | B537: 36 | C537: ='消融原始 0921'!B537-'消融实验 0921'!$E$3+1 -> -109 | D537: =AVERAGE('消融原始 0921'!D533:D537) -> 0.05 | E537: =AVERAGE('消融原始 0921'!D528:D537) -> 0.075 | F537: =AVERAGE('消融原始 0921'!D523:D537) -> 0.066666667 | G537: =AVERAGE('消融原始 0921'!D518:D537) -> 0.0875 | H537: =AVERAGE('消融原始 0921'!D513:D537) -> 0.07 | I537: =AVERAGE('消融原始 0921'!D508:D537) -> 0.075 | J537: =AVERAGE('消融原始 0921'!D502:D537) -> 0.083333333 | K537: =AVERAGE('消融原始 0921'!D502:D537) -> 0.083333333
A538: t1 | B538: 37 | C538: ='消融原始 0921'!B538-'消融实验 0921'!$E$3+1 -> -108 | D538: =AVERAGE('消融原始 0921'!D534:D538) -> 0 | E538: =AVERAGE('消融原始 0921'!D529:D538) -> 0.05 | F538: =AVERAGE('消融原始 0921'!D524:D538) -> 0.066666667 | G538: =AVERAGE('消融原始 0921'!D519:D538) -> 0.075 | H538: =AVERAGE('消融原始 0921'!D514:D538) -> 0.07 | I538: =AVERAGE('消融原始 0921'!D509:D538) -> 0.075 | J538: =AVERAGE('消融原始 0921'!D502:D538) -> 0.081081081 | K538: =AVERAGE('消融原始 0921'!D502:D538) -> 0.081081081
...

Sheet GRPO实验 0923
A1: Run | B1: Task | C1: Host | D1: Rollouts/round | E1: τ | F1: Scope | G1: Dropout | H1: Annealing | I1: Last round | J1: Train records | K1: Eval records | L1: Archive | M1: Entry | N1: Run name
A2: Clean128 | B2: move_pillbottle_pad | C2: sz1 | D2: 128 | F2: off | G2: 0 | H2: 0 | I2: 141 | J2: 141 | K2: 28 | L2: grpo-family-metrics-20260919.zip | M2: merged/Clean128/metrics.json | N2: pi05-grpo-clean-half128-seed42-formal200-phys45-20260911-v1
A3: exp-t05 | B3: move_pillbottle_pad | C3: sz1 | D3: 128 | E3: 0.5 | F3: both | G3: 0 | H3: 0 | I3: 109 | J3: 109 | K3: 21 | L3: grpo-family-metrics-20260919.zip | M3: merged/exp-t05/metrics.json | N3: pi05-grpo-dvac-exp-half128-seed42-t05-formal200-phys45-20260913-v1
A4: linear-both | B4: move_pillbottle_pad | C4: sz1 | D4: 128 | F4: both | G4: 0 | H4: 0 | I4: 116 | J4: 116 | K4: 23 | L4: grpo-family-metrics-20260919.zip | M4: merged/linear-both/metrics.json | N4: pi05-grpo-dvac-new-half128-seed42-formal200-phys45-20260912-v1
A5: exp-t1-positive | B5: move_pillbottle_pad | C5: sz1 | D5: 128 | E5: 1 | F5: positive | G5: 0 | H5: 0 | I5: 115 | J5: 115 | K5: 23 | L5: grpo-family-metrics-20260919.zip | M5: merged/exp-t1-positive/metrics.json | N5: pi05-grpo-dvac-positive-t1-half128-seed42-formal200-phys45-20260915-v1
A6: exp-t2-tricks | B6: move_pillbottle_pad | C6: sz1 | D6: 128 | E6: 2 | F6: positive | G6: 1 | H6: 1 | I6: 158 | J6: 158 | K6: 31 | L6: grpo-family-metrics-20260919.zip | M6: merged/exp-t2-tricks/metrics.json | N6: pi05-grpo-exp-t2-drop02-anneal200-positive-half128-seed42-formal200-phys45-20260917-v1
A7: linear-positive-0805 | B7: move_pillbottle_pad | C7: sz1 | D7: 128 | E7: 1 | F7: positive | G7: 0 | H7: 0 | I7: 121 | J7: 121 | K7: 24 | L7: grpo-family-metrics-20260919.zip | M7: merged/linear-positive-0805/metrics.json | N7: pi05-grpo-linear-positive-0805-half128-seed42-formal200-phys45-20260916-v2
A8: 80-20 | B8: move_pillbottle_pad | C8: sz1 | D8: 128 | F8: off | G8: 0 | H8: 0 | I8: 96 | J8: 96 | K8: 19 | L8: grpo-family-metrics-20260919.zip | M8: merged/80-20/metrics.json | N8: pi05-grpo-top20-half128-seed42-formal200-phys45-20260914-v1
A9: sz2-t15 | B9: move_pillbottle_pad | C9: sz2 | D9: 128 | E9: 1.5 | F9: positive | G9: 0 | H9: 0 | I9: 119 | J9: 119 | K9: 23 | L9: grpo-family-metrics-20260919.zip | M9: merged/sz2-t15/metrics.json | N9: sz2-pi05-grpo-exp-t15-notricks-positive-half128-seed42-formal200-phys67-20260917-v1
A10: sz2-t2 | B10: move_pillbottle_pad | C10: sz2 | D10: 128 | E10: 2 | F10: positive | G10: 0 | H10: 0 | I10: 216 | J10: 216 | K10: 43 | L10: sz2-grpo-t2-resume300-final-metrics.zip | M10: metrics.json | N10: sz2-pi05-grpo-exp-t2-notricks-positive-half128-seed42-formal200-phys45-20260917-v1
A11: sz2-t25 | B11: move_pillbottle_pad | C11: sz2 | D11: 128 | E11: 2.5 | F11: positive | G11: 0 | H11: 0 | I11: 148 | J11: 148 | K11: 29 | L11: grpo-positive-closeout-20260920.zip | M11: sz2-t25-positive/metrics.json | N11: sz2-pi05-grpo-exp-t25-notricks-positive-half128-seed42-formal200-phys67-20260918-v1
A12: sz3-t15-tricks | B12: move_pillbottle_pad | C12: sz3 | D12: 128 | E12: 1.5 | F12: positive | G12: 1 | H12: 1 | I12: 62 | J12: 62 | K12: 12 | L12: grpo-family-metrics-20260919.zip | M12: merged/sz3-t15-tricks/metrics.json | N12: sz3-pi05-grpo-exp-t15-drop02-anneal200-positive-half128-seed42-formal200-phys45-20260917-v1
A13: sz3-t3 | B13: move_pillbottle_pad | C13: sz3 | D13: 128 | E13: 3 | F13: positive | G13: 0 | H13: 0 | I13: 124 | J13: 124 | K13: 24 | L13: grpo-family-metrics-20260919.zip | M13: merged/sz3-t3/metrics.json | N13: sz3-pi05-grpo-exp-t3-notricks-positive-half128-seed42-formal200-phys67-20260917-v1
A14: sz3-t35 | B14: move_pillbottle_pad | C14: sz3 | D14: 128 | E14: 3.5 | F14: positive | G14: 0 | H14: 0 | I14: 132 | J14: 132 | K14: 26 | L14: grpo-positive-closeout-20260920.zip | M14: sz3-t35-positive/metrics.json | N14: sz3-pi05-grpo-exp-t35-notricks-positive-half128-seed42-formal200-phys45-20260918-v1
A15: sz3-t4 | B15: move_pillbottle_pad | C15: sz3 | D15: 128 | E15: 4 | F15: positive | G15: 0 | H15: 0 | I15: 80 | J15: 80 | K15: 16 | L15: grpo-positive-closeout-20260920.zip | M15: sz3-t4-positive/metrics.json | N15: sz3-pi05-grpo-exp-t4-notricks-positive-half128-seed42-formal200-phys67-20260919-v1
A16: sz2-t15-both | B16: move_pillbottle_pad | C16: sz2 | D16: 128 | E16: 1.5 | F16: both | G16: 0 | H16: 0 | I16: 12 | J16: 12 | K16: 2 | L16: sz2-grpo-bottle-before-turn-switch-closeout-20260922.zip | M16: clean/metrics.json | N16: sz2-pi05-grpo-exp-t15-both-both-half128-seed42-formal200-phys45-20260922-v1
A17: sz2-t2-both | B17: move_pillbottle_pad | C17: sz2 | D17: 128 | E17: 2 | F17: both | G17: 0 | H17: 0 | I17: 166 | J17: 166 | K17: 33 | L17: sz2-grpo-bottle-before-turn-switch-closeout-20260922.zip | M17: t1/metrics.json | N17: sz2-pi05-grpo-exp-t2-both-both-half128-seed42-formal200-phys67-20260920-v1
A18: sz2-t25-both | B18: move_pillbottle_pad | C18: sz2 | D18: 128 | E18: 2.5 | F18: both | G18: 0 | H18: 0 | I18: 197 | J18: 197 | K18: 39 | L18: sz2-grpo-t25-both-closeout-0922.zip | M18: metrics.json | N18: sz2-pi05-grpo-exp-t25-both-both-half128-seed42-formal200-phys45-20260919-v1
A19: turn-clean | B19: turn_switch | C19: sz2 | D19: 128 | F19: off | G19: 0 | H19: 0 | I19: 69 | J19: 69 | K19: 34 | L19: sz2-grpo-turn128-before256-closeout-20260923.zip | M19: clean/metrics.json | N19: sz2-pi05-grpo-turn-switch-clean-half128-seed42-formal200-phys45-20260922-v2
A20: turn-t1 | B20: turn_switch | C20: sz2 | D20: 128 | E20: 1 | F20: both | G20: 0 | H20: 0 | I20: 68 | J20: 68 | K20: 34 | L20: sz2-grpo-turn128-before256-closeout-20260923.zip | M20: t1/metrics.json | N20: sz2-pi05-grpo-turn-switch-t1-half128-seed42-formal200-phys67-20260922-v2
A21: sz3-t35-both | B21: move_pillbottle_pad | C21: sz3 | D21: 128 | E21: 3.5 | F21: both | G21: 0 | H21: 0 | I21: 162 | J21: 162 | K21: 32 | L21: sz3-grpo-bottle-before-turn-switch-closeout-20260922.zip | M21: t2/metrics.json | N21: sz3-pi05-grpo-exp-t35-both-both-half128-seed42-formal200-phys45-20260920-v1
A22: sz3-t4-both | B22: move_pillbottle_pad | C22: sz3 | D22: 128 | E22: 4 | F22: both | G22: 0 | H22: 0 | I22: 122 | J22: 122 | K22: 24 | L22: sz3-grpo-bottle-before-turn-switch-closeout-20260922.zip | M22: t3/metrics.json | N22: sz3-pi05-grpo-exp-t4-both-both-half128-seed42-formal200-phys67-20260920-v1
A23: turn-t2 | B23: turn_switch | C23: sz3 | D23: 128 | E23: 2 | F23: both | G23: 0 | H23: 0 | I23: 60 | J23: 60 | K23: 30 | L23: sz3-grpo-turn128-before256-closeout-20260923.zip | M23: t2/metrics.json | N23: sz3-pi05-grpo-turn-switch-t2-half128-seed42-formal200-phys45-20260922-v2
A24: turn-t3 | B24: turn_switch | C24: sz3 | D24: 128 | E24: 3 | F24: both | G24: 0 | H24: 0 | I24: 59 | J24: 59 | K24: 29 | L24: sz3-grpo-turn128-before256-closeout-20260923.zip | M24: t3/metrics.json | N24: sz3-pi05-grpo-turn-switch-t3-half128-seed42-formal200-phys67-20260922-v2
A27: Metric plotted | B27: env/success_once (training rollouts)
A28: Smoothing | B28: Trailing mean; min_periods=1; full logged history
A29: Axis | B29: Global training rounds; first recorded round = 1
A30: Comparison rule | B30: Omit when all common-round values <= Clean and at least one < Clean
A31: Ablations | B31: All variants retained; star marks first maximum of each smoothed curve
A34: Task | B34: Run | C34: Window | D34: Peak SR | E34: First peak round | F34: Common last round | G34: Max Δ vs Clean | H34: Min Δ vs Clean | I34: Comparison
A35: move_pillbottle_pad | B35: Clean128 | C35: 5 | D35: =MAX('GRPO平滑 0923'!C2:C142) -> 0.665625 | E35: =INDEX('GRPO平滑 0923'!B2:B142,MATCH(MAX('GRPO平滑 0923'!C2:C142),'GRPO平滑 0923'!C2:C142,0)) -> 126 | F35: ='GRPO平滑 0923'!B142 -> 141 | G35: =MAX('GRPO平滑 0923'!J2:J142) -> 0 | H35: =MIN('GRPO平滑 0923'!J2:J142) -> 0 | I35: ="Baseline" -> Baseline
A36: move_pillbottle_pad | B36: Clean128 | C36: 10 | D36: =MAX('GRPO平滑 0923'!D2:D142) -> 0.64453125 | E36: =INDEX('GRPO平滑 0923'!B2:B142,MATCH(MAX('GRPO平滑 0923'!D2:D142),'GRPO平滑 0923'!D2:D142,0)) -> 127 | F36: ='GRPO平滑 0923'!B142 -> 141 | G36: =MAX('GRPO平滑 0923'!K2:K142) -> 0 | H36: =MIN('GRPO平滑 0923'!K2:K142) -> 0 | I36: ="Baseline" -> Baseline
A37: move_pillbottle_pad | B37: Clean128 | C37: 15 | D37: =MAX('GRPO平滑 0923'!E2:E142) -> 0.63385417 | E37: =INDEX('GRPO平滑 0923'!B2:B142,MATCH(MAX('GRPO平滑 0923'!E2:E142),'GRPO平滑 0923'!E2:E142,0)) -> 132 | F37: ='GRPO平滑 0923'!B142 -> 141 | G37: =MAX('GRPO平滑 0923'!L2:L142) -> 0 | H37: =MIN('GRPO平滑 0923'!L2:L142) -> 0 | I37: ="Baseline" -> Baseline
A38: move_pillbottle_pad | B38: Clean128 | C38: 20 | D38: =MAX('GRPO平滑 0923'!F2:F142) -> 0.61796875 | E38: =INDEX('GRPO平滑 0923'!B2:B142,MATCH(MAX('GRPO平滑 0923'!F2:F142),'GRPO平滑 0923'!F2:F142,0)) -> 132 | F38: ='GRPO平滑 0923'!B142 -> 141 | G38: =MAX('GRPO平滑 0923'!M2:M142) -> 0 | H38: =MIN('GRPO平滑 0923'!M2:M142) -> 0 | I38: ="Baseline" -> Baseline
A39: move_pillbottle_pad | B39: Clean128 | C39: 30 | D39: =MAX('GRPO平滑 0923'!G2:G142) -> 0.60026042 | E39: =INDEX('GRPO平滑 0923'!B2:B142,MATCH(MAX('GRPO平滑 0923'!G2:G142),'GRPO平滑 0923'!G2:G142,0)) -> 137 | F39: ='GRPO平滑 0923'!B142 -> 141 | G39: =MAX('GRPO平滑 0923'!N2:N142) -> 0 | H39: =MIN('GRPO平滑 0923'!N2:N142) -> 0 | I39: ="Baseline" -> Baseline
A40: move_pillbottle_pad | B40: Clean128 | C40: 40 | D40: =MAX('GRPO平滑 0923'!H2:H142) -> 0.59121094 | E40: =INDEX('GRPO平滑 0923'!B2:B142,MATCH(MAX('GRPO平滑 0923'!H2:H142),'GRPO平滑 0923'!H2:H142,0)) -> 132 | F40: ='GRPO平滑 0923'!B142 -> 141 | G40: =MAX('GRPO平滑 0923'!O2:O142) -> 0 | H40: =MIN('GRPO平滑 0923'!O2:O142) -> 0 | I40: ="Baseline" -> Baseline
A41: move_pillbottle_pad | B41: Clean128 | C41: 50 | D41: =MAX('GRPO平滑 0923'!I2:I142) -> 0.58453125 | E41: =INDEX('GRPO平滑 0923'!B2:B142,MATCH(MAX('GRPO平滑 0923'!I2:I142),'GRPO平滑 0923'!I2:I142,0)) -> 138 | F41: ='GRPO平滑 0923'!B142 -> 141 | G41: =MAX('GRPO平滑 0923'!P2:P142) -> 0 | H41: =MIN('GRPO平滑 0923'!P2:P142) -> 0 | I41: ="Baseline" -> Baseline
A42: move_pillbottle_pad | B42: exp-t05 | C42: 5 | D42: =MAX('GRPO平滑 0923'!C143:C251) -> 0.56875 | E42: =INDEX('GRPO平滑 0923'!B143:B251,MATCH(MAX('GRPO平滑 0923'!C143:C251),'GRPO平滑 0923'!C143:C251,0)) -> 64 | F42: ='GRPO平滑 0923'!B251 -> 109 | G42: =MAX('GRPO平滑 0923'!J143:J251) -> 0.0546875 | H42: =MIN('GRPO平滑 0923'!J143:J251) -> -0.134375 | I42: =IF(AND(G42<=0,H42<0),"Omit","Keep") -> Keep
A43: move_pillbottle_pad | B43: exp-t05 | C43: 10 | D43: =MAX('GRPO平滑 0923'!D143:D251) -> 0.546875 | E43: =INDEX('GRPO平滑 0923'!B143:B251,MATCH(MAX('GRPO平滑 0923'!D143:D251),'GRPO平滑 0923'!D143:D251,0)) -> 66 | F43: ='GRPO平滑 0923'!B251 -> 109 | G43: =MAX('GRPO平滑 0923'!K143:K251) -> 0.0328125 | H43: =MIN('GRPO平滑 0923'!K143:K251) -> -0.1046875 | I43: =IF(AND(G43<=0,H43<0),"Omit","Keep") -> Keep
A44: move_pillbottle_pad | B44: exp-t05 | C44: 15 | D44: =MAX('GRPO平滑 0923'!E143:E251) -> 0.52552083 | E44: =INDEX('GRPO平滑 0923'!B143:B251,MATCH(MAX('GRPO平滑 0923'!E143:E251),'GRPO平滑 0923'!E143:E251,0)) -> 66 | F44: ='GRPO平滑 0923'!B251 -> 109 | G44: =MAX('GRPO平滑 0923'!L143:L251) -> 0.03125 | H44: =MIN('GRPO平滑 0923'!L143:L251) -> -0.092708333 | I44: =IF(AND(G44<=0,H44<0),"Omit","Keep") -> Keep
A45: move_pillbottle_pad | B45: exp-t05 | C45: 20 | D45: =MAX('GRPO平滑 0923'!F143:F251) -> 0.52382812 | E45: =INDEX('GRPO平滑 0923'!B143:B251,MATCH(MAX('GRPO平滑 0923'!F143:F251),'GRPO平滑 0923'!F143:F251,0)) -> 77 | F45: ='GRPO平滑 0923'!B251 -> 109 | G45: =MAX('GRPO平滑 0923'!M143:M251) -> 0.03125 | H45: =MIN('GRPO平滑 0923'!M143:M251) -> -0.086328125 | I45: =IF(AND(G45<=0,H45<0),"Omit","Keep") -> Keep
A46: move_pillbottle_pad | B46: exp-t05 | C46: 30 | D46: =MAX('GRPO平滑 0923'!G143:G251) -> 0.51328125 | E46: =INDEX('GRPO平滑 0923'!B143:B251,MATCH(MAX('GRPO平滑 0923'!G143:G251),'GRPO平滑 0923'!G143:G251,0)) -> 86 | F46: ='GRPO平滑 0923'!B251 -> 109 | G46: =MAX('GRPO平滑 0923'!N143:N251) -> 0.03125 | H46: =MIN('GRPO平滑 0923'!N143:N251) -> -0.075520833 | I46: =IF(AND(G46<=0,H46<0),"Omit","Keep") -> Keep
A47: move_pillbottle_pad | B47: exp-t05 | C47: 40 | D47: =MAX('GRPO平滑 0923'!H143:H251) -> 0.50664062 | E47: =INDEX('GRPO平滑 0923'!B143:B251,MATCH(MAX('GRPO平滑 0923'!H143:H251),'GRPO平滑 0923'!H143:H251,0)) -> 85 | F47: ='GRPO平滑 0923'!B251 -> 109 | G47: =MAX('GRPO平滑 0923'!O143:O251) -> 0.03125 | H47: =MIN('GRPO平滑 0923'!O143:O251) -> -0.069921875 | I47: =IF(AND(G47<=0,H47<0),"Omit","Keep") -> Keep
A48: move_pillbottle_pad | B48: exp-t05 | C48: 50 | D48: =MAX('GRPO平滑 0923'!I143:I251) -> 0.5015625 | E48: =INDEX('GRPO平滑 0923'!B143:B251,MATCH(MAX('GRPO平滑 0923'!I143:I251),'GRPO平滑 0923'!I143:I251,0)) -> 95 | F48: ='GRPO平滑 0923'!B251 -> 109 | G48: =MAX('GRPO平滑 0923'!P143:P251) -> 0.03125 | H48: =MIN('GRPO平滑 0923'!P143:P251) -> -0.05734375 | I48: =IF(AND(G48<=0,H48<0),"Omit","Keep") -> Keep
A49: move_pillbottle_pad | B49: linear-both | C49: 5 | D49: =MAX('GRPO平滑 0923'!C252:C367) -> 0.615625 | E49: =INDEX('GRPO平滑 0923'!B252:B367,MATCH(MAX('GRPO平滑 0923'!C252:C367),'GRPO平滑 0923'!C252:C367,0)) -> 111 | F49: ='GRPO平滑 0923'!B367 -> 116 | G49: =MAX('GRPO平滑 0923'!J252:J367) -> 0.078125 | H49: =MIN('GRPO平滑 0923'!J252:J367) -> -0.0890625 | I49: =IF(AND(G49<=0,H49<0),"Omit","Keep") -> Keep
A50: move_pillbottle_pad | B50: linear-both | C50: 10 | D50: =MAX('GRPO平滑 0923'!D252:D367) -> 0.57890625 | E50: =INDEX('GRPO平滑 0923'!B252:B367,MATCH(MAX('GRPO平滑 0923'!D252:D367),'GRPO平滑 0923'!D252:D367,0)) -> 116 | F50: ='GRPO平滑 0923'!B367 -> 116 | G50: =MAX('GRPO平滑 0923'!K252:K367) -> 0.0703125 | H50: =MIN('GRPO平滑 0923'!K252:K367) -> -0.06953125 | I50: =IF(AND(G50<=0,H50<0),"Omit","Keep") -> Keep
A51: move_pillbottle_pad | B51: linear-both | C51: 15 | D51: =MAX('GRPO平滑 0923'!E252:E367) -> 0.56770833 | E51: =INDEX('GRPO平滑 0923'!B252:B367,MATCH(MAX('GRPO平滑 0923'!E252:E367),'GRPO平滑 0923'!E252:E367,0)) -> 111 | F51: ='GRPO平滑 0923'!B367 -> 116 | G51: =MAX('GRPO平滑 0923'!L252:L367) -> 0.059895833 | H51: =MIN('GRPO平滑 0923'!L252:L367) -> -0.058854167 | I51: =IF(AND(G51<=0,H51<0),"Omit","Keep") -> Keep
A52: move_pillbottle_pad | B52: linear-both | C52: 20 | D52: =MAX('GRPO平滑 0923'!F252:F367) -> 0.565625 | E52: =INDEX('GRPO平滑 0923'!B252:B367,MATCH(MAX('GRPO平滑 0923'!F252:F367),'GRPO平滑 0923'!F252:F367,0)) -> 115 | F52: ='GRPO平滑 0923'!B367 -> 116 | G52: =MAX('GRPO平滑 0923'!M252:M367) -> 0.05 | H52: =MIN('GRPO平滑 0923'!M252:M367) -> -0.0484375 | I52: =IF(AND(G52<=0,H52<0),"Omit","Keep") -> Keep
A53: move_pillbottle_pad | B53: linear-both | C53: 30 | D53: =MAX('GRPO平滑 0923'!G252:G367) -> 0.55130208 | E53: =INDEX('GRPO平滑 0923'!B252:B367,MATCH(MAX('GRPO平滑 0923'!G252:G367),'GRPO平滑 0923'!G252:G367,0)) -> 116 | F53: ='GRPO平滑 0923'!B367 -> 116 | G53: =MAX('GRPO平滑 0923'!N252:N367) -> 0.04453125 | H53: =MIN('GRPO平滑 0923'!N252:N367) -> -0.042447917 | I53: =IF(AND(G53<=0,H53<0),"Omit","Keep") -> Keep
A54: move_pillbottle_pad | B54: linear-both | C54: 40 | D54: =MAX('GRPO平滑 0923'!H252:H367) -> 0.54082031 | E54: =INDEX('GRPO平滑 0923'!B252:B367,MATCH(MAX('GRPO平滑 0923'!H252:H367),'GRPO平滑 0923'!H252:H367,0)) -> 115 | F54: ='GRPO平滑 0923'!B367 -> 116 | G54: =MAX('GRPO平滑 0923'!O252:O367) -> 0.042590726 | H54: =MIN('GRPO平滑 0923'!O252:O367) -> -0.032226562 | I54: =IF(AND(G54<=0,H54<0),"Omit","Keep") -> Keep
A55: move_pillbottle_pad | B55: linear-both | C55: 50 | D55: =MAX('GRPO平滑 0923'!I252:I367) -> 0.53546875 | E55: =INDEX('GRPO平滑 0923'!B252:B367,MATCH(MAX('GRPO平滑 0923'!I252:I367),'GRPO平滑 0923'!I252:I367,0)) -> 111 | F55: ='GRPO平滑 0923'!B367 -> 116 | G55: =MAX('GRPO平滑 0923'!P252:P367) -> 0.042590726 | H55: =MIN('GRPO平滑 0923'!P252:P367) -> -0.0265625 | I55: =IF(AND(G55<=0,H55<0),"Omit","Keep") -> Keep
A56: move_pillbottle_pad | B56: exp-t1-positive | C56: 5 | D56: =MAX('GRPO平滑 0923'!C368:C482) -> 0.5984375 | E56: =INDEX('GRPO平滑 0923'!B368:B482,MATCH(MAX('GRPO平滑 0923'!C368:C482),'GRPO平滑 0923'!C368:C482,0)) -> 65 | F56: ='GRPO平滑 0923'!B482 -> 115 | G56: =MAX('GRPO平滑 0923'!J368:J482) -> 0.0625 | H56: =MIN('GRPO平滑 0923'!J368:J482) -> -0.1234375 | I56: =IF(AND(G56<=0,H56<0),"Omit","Keep") -> Keep
A57: move_pillbottle_pad | B57: exp-t1-positive | C57: 10 | D57: =MAX('GRPO平滑 0923'!D368:D482) -> 0.56484375 | E57: =INDEX('GRPO平滑 0923'!B368:B482,MATCH(MAX('GRPO平滑 0923'!D368:D482),'GRPO平滑 0923'!D368:D482,0)) -> 79 | F57: ='GRPO平滑 0923'!B482 -> 115 | G57: =MAX('GRPO平滑 0923'!K368:K482) -> 0.046875 | H57: =MIN('GRPO平滑 0923'!K368:K482) -> -0.09765625 | I57: =IF(AND(G57<=0,H57<0),"Omit","Keep") -> Keep
A58: move_pillbottle_pad | B58: exp-t1-positive | C58: 15 | D58: =MAX('GRPO平滑 0923'!E368:E482) -> 0.56041667 | E58: =INDEX('GRPO平滑 0923'!B368:B482,MATCH(MAX('GRPO平滑 0923'!E368:E482),'GRPO平滑 0923'!E368:E482,0)) -> 75 | F58: ='GRPO平滑 0923'!B482 -> 115 | G58: =MAX('GRPO平滑 0923'!L368:L482) -> 0.042708333 | H58: =MIN('GRPO平滑 0923'!L368:L482) -> -0.076041667 | I58: =IF(AND(G58<=0,H58<0),"Omit","Keep") -> Keep
A59: move_pillbottle_pad | B59: exp-t1-positive | C59: 20 | D59: =MAX('GRPO平滑 0923'!F368:F482) -> 0.55429688 | E59: =INDEX('GRPO平滑 0923'!B368:B482,MATCH(MAX('GRPO平滑 0923'!F368:F482),'GRPO平滑 0923'!F368:F482,0)) -> 76 | F59: ='GRPO平滑 0923'!B482 -> 115 | G59: =MAX('GRPO平滑 0923'!M368:M482) -> 0.02421875 | H59: =MIN('GRPO平滑 0923'!M368:M482) -> -0.087109375 | I59: =IF(AND(G59<=0,H59<0),"Omit","Keep") -> Keep
A60: move_pillbottle_pad | B60: exp-t1-positive | C60: 30 | D60: =MAX('GRPO平滑 0923'!G368:G482) -> 0.54427083 | E60: =INDEX('GRPO平滑 0923'!B368:B482,MATCH(MAX('GRPO平滑 0923'!G368:G482),'GRPO平滑 0923'!G368:G482,0)) -> 78 | F60: ='GRPO平滑 0923'!B482 -> 115 | G60: =MAX('GRPO平滑 0923'!N368:N482) -> 0.0091145833 | H60: =MIN('GRPO平滑 0923'!N368:N482) -> -0.072135417 | I60: =IF(AND(G60<=0,H60<0),"Omit","Keep") -> Keep
A61: move_pillbottle_pad | B61: exp-t1-positive | C61: 40 | D61: =MAX('GRPO平滑 0923'!H368:H482) -> 0.53378906 | E61: =INDEX('GRPO平滑 0923'!B368:B482,MATCH(MAX('GRPO平滑 0923'!H368:H482),'GRPO平滑 0923'!H368:H482,0)) -> 85 | F61: ='GRPO平滑 0923'!B482 -> 115 | G61: =MAX('GRPO平滑 0923'!O368:O482) -> 0.0091145833 | H61: =MIN('GRPO平滑 0923'!O368:O482) -> -0.048828125 | I61: =IF(AND(G61<=0,H61<0),"Omit","Keep") -> Keep
A62: move_pillbottle_pad | B62: exp-t1-positive | C62: 50 | D62: =MAX('GRPO平滑 0923'!I368:I482) -> 0.52875 | E62: =INDEX('GRPO平滑 0923'!B368:B482,MATCH(MAX('GRPO平滑 0923'!I368:I482),'GRPO平滑 0923'!I368:I482,0)) -> 95 | F62: ='GRPO平滑 0923'!B482 -> 115 | G62: =MAX('GRPO平滑 0923'!P368:P482) -> 0.0091145833 | H62: =MIN('GRPO平滑 0923'!P368:P482) -> -0.03765625 | I62: =IF(AND(G62<=0,H62<0),"Omit","Keep") -> Keep
A63: move_pillbottle_pad | B63: exp-t2-tricks | C63: 5 | D63: =MAX('GRPO平滑 0923'!C483:C640) -> 0.546875 | E63: =INDEX('GRPO平滑 0923'!B483:B640,MATCH(MAX('GRPO平滑 0923'!C483:C640),'GRPO平滑 0923'!C483:C640,0)) -> 64 | F63: ='GRPO平滑 0923'!B623 -> 141 | G63: =MAX('GRPO平滑 0923'!J483:J623) -> 0 | H63: =MIN('GRPO平滑 0923'!J483:J623) -> -0.18125 | I63: =IF(AND(G63<=0,H63<0),"Omit","Keep") -> Omit
A64: move_pillbottle_pad | B64: exp-t2-tricks | C64: 10 | D64: =MAX('GRPO平滑 0923'!D483:D640) -> 0.51953125 | E64: =INDEX('GRPO平滑 0923'!B483:B640,MATCH(MAX('GRPO平滑 0923'!D483:D640),'GRPO平滑 0923'!D483:D640,0)) -> 129 | F64: ='GRPO平滑 0923'!B623 -> 141 | G64: =MAX('GRPO平滑 0923'!K483:K623) -> 0 | H64: =MIN('GRPO平滑 0923'!K483:K623) -> -0.15390625 | I64: =IF(AND(G64<=0,H64<0),"Omit","Keep") -> Omit
A65: move_pillbottle_pad | B65: exp-t2-tricks | C65: 15 | D65: =MAX('GRPO平滑 0923'!E483:E640) -> 0.51822917 | E65: =INDEX('GRPO平滑 0923'!B483:B640,MATCH(MAX('GRPO平滑 0923'!E483:E640),'GRPO平滑 0923'!E483:E640,0)) -> 135 | F65: ='GRPO平滑 0923'!B623 -> 141 | G65: =MAX('GRPO平滑 0923'!L483:L623) -> 0 | H65: =MIN('GRPO平滑 0923'!L483:L623) -> -0.140625 | I65: =IF(AND(G65<=0,H65<0),"Omit","Keep") -> Omit
A66: move_pillbottle_pad | B66: exp-t2-tricks | C66: 20 | D66: =MAX('GRPO平滑 0923'!F483:F640) -> 0.50351563 | E66: =INDEX('GRPO平滑 0923'!B483:B640,MATCH(MAX('GRPO平滑 0923'!F483:F640),'GRPO平滑 0923'!F483:F640,0)) -> 132 | F66: ='GRPO平滑 0923'!B623 -> 141 | G66: =MAX('GRPO平滑 0923'!M483:M623) -> 0 | H66: =MIN('GRPO平滑 0923'!M483:M623) -> -0.14296875 | I66: =IF(AND(G66<=0,H66<0),"Omit","Keep") -> Omit
A67: move_pillbottle_pad | B67: exp-t2-tricks | C67: 30 | D67: =MAX('GRPO平滑 0923'!G483:G640) -> 0.49609375 | E67: =INDEX('GRPO平滑 0923'!B483:B640,MATCH(MAX('GRPO平滑 0923'!G483:G640),'GRPO平滑 0923'!G483:G640,0)) -> 135 | F67: ='GRPO平滑 0923'!B623 -> 141 | G67: =MAX('GRPO平滑 0923'!N483:N623) -> 0 | H67: =MIN('GRPO平滑 0923'!N483:N623) -> -0.13645833 | I67: =IF(AND(G67<=0,H67<0),"Omit","Keep") -> Omit
A68: move_pillbottle_pad | B68: exp-t2-tricks | C68: 40 | D68: =MAX('GRPO平滑 0923'!H483:H640) -> 0.4859375 | E68: =INDEX('GRPO平滑 0923'!B483:B640,MATCH(MAX('GRPO平滑 0923'!H483:H640),'GRPO平滑 0923'!H483:H640,0)) -> 135 | F68: ='GRPO平滑 0923'!B623 -> 141 | G68: =MAX('GRPO平滑 0923'!O483:O623) -> 0 | H68: =MIN('GRPO平滑 0923'!O483:O623) -> -0.1328125 | I68: =IF(AND(G68<=0,H68<0),"Omit","Keep") -> Omit
A69: move_pillbottle_pad | B69: exp-t2-tricks | C69: 50 | D69: =MAX('GRPO平滑 0923'!I483:I640) -> 0.4825 | E69: =INDEX('GRPO平滑 0923'!B483:B640,MATCH(MAX('GRPO平滑 0923'!I483:I640),'GRPO平滑 0923'!I483:I640,0)) -> 138 | F69: ='GRPO平滑 0923'!B623 -> 141 | G69: =MAX('GRPO平滑 0923'!P483:P623) -> 0 | H69: =MIN('GRPO平滑 0923'!P483:P623) -> -0.12859375 | I69: =IF(AND(G69<=0,H69<0),"Omit","Keep") -> Omit
A70: move_pillbottle_pad | B70: linear-positive-0805 | C70: 5 | D70: =MAX('GRPO平滑 0923'!C641:C761) -> 0.6 | E70: =INDEX('GRPO平滑 0923'!B641:B761,MATCH(MAX('GRPO平滑 0923'!C641:C761),'GRPO平滑 0923'!C641:C761,0)) -> 64 | F70: ='GRPO平滑 0923'!B761 -> 121 | G70: =MAX('GRPO平滑 0923'!J641:J761) -> 0.03125 | H70: =MIN('GRPO平滑 0923'!J641:J761) -> -0.109375 | I70: =IF(AND(G70<=0,H70<0),"Omit","Keep") -> Keep
A71: move_pillbottle_pad | B71: linear-positive-0805 | C71: 10 | D71: =MAX('GRPO平滑 0923'!D641:D761) -> 0.57265625 | E71: =INDEX('GRPO平滑 0923'!B641:B761,MATCH(MAX('GRPO平滑 0923'!D641:D761),'GRPO平滑 0923'!D641:D761,0)) -> 99 | F71: ='GRPO平滑 0923'!B761 -> 121 | G71: =MAX('GRPO平滑 0923'!K641:K761) -> 0.01640625 | H71: =MIN('GRPO平滑 0923'!K641:K761) -> -0.0875 | I71: =IF(AND(G71<=0,H71<0),"Omit","Keep") -> Keep
A72: move_pillbottle_pad | B72: linear-positive-0805 | C72: 15 | D72: =MAX('GRPO平滑 0923'!E641:E761) -> 0.5625 | E72: =INDEX('GRPO平滑 0923'!B641:B761,MATCH(MAX('GRPO平滑 0923'!E641:E761),'GRPO平滑 0923'!E641:E761,0)) -> 104 | F72: ='GRPO平滑 0923'!B761 -> 121 | G72: =MAX('GRPO平滑 0923'!L641:L761) -> 0.0109375 | H72: =MIN('GRPO平滑 0923'!L641:L761) -> -0.068229167 | I72: =IF(AND(G72<=0,H72<0),"Omit","Keep") -> Keep
A73: move_pillbottle_pad | B73: linear-positive-0805 | C73: 20 | D73: =MAX('GRPO平滑 0923'!F641:F761) -> 0.54804688 | E73: =INDEX('GRPO平滑 0923'!B641:B761,MATCH(MAX('GRPO平滑 0923'!F641:F761),'GRPO平滑 0923'!F641:F761,0)) -> 109 | F73: ='GRPO平滑 0923'!B761 -> 121 | G73: =MAX('GRPO平滑 0923'!M641:M761) -> 0.010546875 | H73: =MIN('GRPO平滑 0923'!M641:M761) -> -0.07109375 | I73: =IF(AND(G73<=0,H73<0),"Omit","Keep") -> Keep
A74: move_pillbottle_pad | B74: linear-positive-0805 | C74: 30 | D74: =MAX('GRPO平滑 0923'!G641:G761) -> 0.5390625 | E74: =INDEX('GRPO平滑 0923'!B641:B761,MATCH(MAX('GRPO平滑 0923'!G641:G761),'GRPO平滑 0923'!G641:G761,0)) -> 118 | F74: ='GRPO平滑 0923'!B761 -> 121 | G74: =MAX('GRPO平滑 0923'!N641:N761) -> 0.010416667 | H74: =MIN('GRPO平滑 0923'!N641:N761) -> -0.055729167 | I74: =IF(AND(G74<=0,H74<0),"Omit","Keep") -> Keep
A75: move_pillbottle_pad | B75: linear-positive-0805 | C75: 40 | D75: =MAX('GRPO平滑 0923'!H641:H761) -> 0.52910156 | E75: =INDEX('GRPO平滑 0923'!B641:B761,MATCH(MAX('GRPO平滑 0923'!H641:H761),'GRPO平滑 0923'!H641:H761,0)) -> 101 | F75: ='GRPO平滑 0923'!B761 -> 121 | G75: =MAX('GRPO平滑 0923'!O641:O761) -> 0.010416667 | H75: =MIN('GRPO平滑 0923'!O641:O761) -> -0.053515625 | I75: =IF(AND(G75<=0,H75<0),"Omit","Keep") -> Keep
A76: move_pillbottle_pad | B76: linear-positive-0805 | C76: 50 | D76: =MAX('GRPO平滑 0923'!I641:I761) -> 0.5290625 | E76: =INDEX('GRPO平滑 0923'!B641:B761,MATCH(MAX('GRPO平滑 0923'!I641:I761),'GRPO平滑 0923'!I641:I761,0)) -> 111 | F76: ='GRPO平滑 0923'!B761 -> 121 | G76: =MAX('GRPO平滑 0923'!P641:P761) -> 0.010416667 | H76: =MIN('GRPO平滑 0923'!P641:P761) -> -0.053515625 | I76: =IF(AND(G76<=0,H76<0),"Omit","Keep") -> Keep
A77: move_pillbottle_pad | B77: 80-20 | C77: 5 | D77: =MAX('GRPO平滑 0923'!C762:C857) -> 0.5359375 | E77: =INDEX('GRPO平滑 0923'!B762:B857,MATCH(MAX('GRPO平滑 0923'!C762:C857),'GRPO平滑 0923'!C762:C857,0)) -> 38 | F77: ='GRPO平滑 0923'!B857 -> 96 | G77: =MAX('GRPO平滑 0923'!J762:J857) -> 0.0265625 | H77: =MIN('GRPO平滑 0923'!J762:J857) -> -0.246875 | I77: =IF(AND(G77<=0,H77<0),"Omit","Keep") -> Keep
A78: move_pillbottle_pad | B78: 80-20 | C78: 10 | D78: =MAX('GRPO平滑 0923'!D762:D857) -> 0.521875 | E78: =INDEX('GRPO平滑 0923'!B762:B857,MATCH(MAX('GRPO平滑 0923'!D762:D857),'GRPO平滑 0923'!D762:D857,0)) -> 41 | F78: ='GRPO平滑 0923'!B857 -> 96 | G78: =MAX('GRPO平滑 0923'!K762:K857) -> 0.018229167 | H78: =MIN('GRPO平滑 0923'!K762:K857) -> -0.21640625 | I78: =IF(AND(G78<=0,H78<0),"Omit","Keep") -> Keep
A79: move_pillbottle_pad | B79: 80-20 | C79: 15 | D79: =MAX('GRPO平滑 0923'!E762:E857) -> 0.49583333 | E79: =INDEX('GRPO平滑 0923'!B762:B857,MATCH(MAX('GRPO平滑 0923'!E762:E857),'GRPO平滑 0923'!E762:E857,0)) -> 46 | F79: ='GRPO平滑 0923'!B857 -> 96 | G79: =MAX('GRPO平滑 0923'!L762:L857) -> 0.018229167 | H79: =MIN('GRPO平滑 0923'!L762:L857) -> -0.2140625 | I79: =IF(AND(G79<=0,H79<0),"Omit","Keep") -> Keep
A80: move_pillbottle_pad | B80: 80-20 | C80: 20 | D80: =MAX('GRPO平滑 0923'!F762:F857) -> 0.47695312 | E80: =INDEX('GRPO平滑 0923'!B762:B857,MATCH(MAX('GRPO平滑 0923'!F762:F857),'GRPO平滑 0923'!F762:F857,0)) -> 46 | F80: ='GRPO平滑 0923'!B857 -> 96 | G80: =MAX('GRPO平滑 0923'!M762:M857) -> 0.018229167 | H80: =MIN('GRPO平滑 0923'!M762:M857) -> -0.203125 | I80: =IF(AND(G80<=0,H80<0),"Omit","Keep") -> Keep
A81: move_pillbottle_pad | B81: 80-20 | C81: 30 | D81: =MAX('GRPO平滑 0923'!G762:G857) -> 0.45338542 | E81: =INDEX('GRPO平滑 0923'!B762:B857,MATCH(MAX('GRPO平滑 0923'!G762:G857),'GRPO平滑 0923'!G762:G857,0)) -> 46 | F81: ='GRPO平滑 0923'!B857 -> 96 | G81: =MAX('GRPO平滑 0923'!N762:N857) -> 0.018229167 | H81: =MIN('GRPO平滑 0923'!N762:N857) -> -0.17265625 | I81: =IF(AND(G81<=0,H81<0),"Omit","Keep") -> Keep
A82: move_pillbottle_pad | B82: 80-20 | C82: 40 | D82: =MAX('GRPO平滑 0923'!H762:H857) -> 0.43828125 | E82: =INDEX('GRPO平滑 0923'!B762:B857,MATCH(MAX('GRPO平滑 0923'!H762:H857),'GRPO平滑 0923'!H762:H857,0)) -> 96 | F82: ='GRPO平滑 0923'!B857 -> 96 | G82: =MAX('GRPO平滑 0923'!O762:O857) -> 0.018229167 | H82: =MIN('GRPO平滑 0923'!O762:O857) -> -0.14335938 | I82: =IF(AND(G82<=0,H82<0),"Omit","Keep") -> Keep
A83: move_pillbottle_pad | B83: 80-20 | C83: 50 | D83: =MAX('GRPO平滑 0923'!I762:I857) -> 0.43140625 | E83: =INDEX('GRPO平滑 0923'!B762:B857,MATCH(MAX('GRPO平滑 0923'!I762:I857),'GRPO平滑 0923'!I762:I857,0)) -> 76 | F83: ='GRPO平滑 0923'!B857 -> 96 | G83: =MAX('GRPO平滑 0923'!P762:P857) -> 0.018229167 | H83: =MIN('GRPO平滑 0923'!P762:P857) -> -0.133125 | I83: =IF(AND(G83<=0,H83<0),"Omit","Keep") -> Keep
A84: move_pillbottle_pad | B84: sz2-t15 | C84: 5 | D84: =MAX('GRPO平滑 0923'!C858:C976) -> 0.5984375 | E84: =INDEX('GRPO平滑 0923'!B858:B976,MATCH(MAX('GRPO平滑 0923'!C858:C976),'GRPO平滑 0923'!C858:C976,0)) -> 65 | F84: ='GRPO平滑 0923'!B976 -> 119 | G84: =MAX('GRPO平滑 0923'!J858:J976) -> 0.059375 | H84: =MIN('GRPO平滑 0923'!J858:J976) -> -0.1015625 | I84: =IF(AND(G84<=0,H84<0),"Omit","Keep") -> Keep
A85: move_pillbottle_pad | B85: sz2-t15 | C85: 10 | D85: =MAX('GRPO平滑 0923'!D858:D976) -> 0.55625 | E85: =INDEX('GRPO平滑 0923'!B858:B976,MATCH(MAX('GRPO平滑 0923'!D858:D976),'GRPO平滑 0923'!D858:D976,0)) -> 66 | F85: ='GRPO平滑 0923'!B976 -> 119 | G85: =MAX('GRPO平滑 0923'!K858:K976) -> 0.04375 | H85: =MIN('GRPO平滑 0923'!K858:K976) -> -0.08671875 | I85: =IF(AND(G85<=0,H85<0),"Omit","Keep") -> Keep
A86: move_pillbottle_pad | B86: sz2-t15 | C86: 15 | D86: =MAX('GRPO平滑 0923'!E858:E976) -> 0.55208333 | E86: =INDEX('GRPO平滑 0923'!B858:B976,MATCH(MAX('GRPO平滑 0923'!E858:E976),'GRPO平滑 0923'!E858:E976,0)) -> 76 | F86: ='GRPO平滑 0923'!B976 -> 119 | G86: =MAX('GRPO平滑 0923'!L858:L976) -> 0.030729167 | H86: =MIN('GRPO平滑 0923'!L858:L976) -> -0.078645833 | I86: =IF(AND(G86<=0,H86<0),"Omit","Keep") -> Keep
A87: move_pillbottle_pad | B87: sz2-t15 | C87: 20 | D87: =MAX('GRPO平滑 0923'!F858:F976) -> 0.54570312 | E87: =INDEX('GRPO平滑 0923'!B858:B976,MATCH(MAX('GRPO平滑 0923'!F858:F976),'GRPO平滑 0923'!F858:F976,0)) -> 79 | F87: ='GRPO平滑 0923'!B976 -> 119 | G87: =MAX('GRPO平滑 0923'!M858:M976) -> 0.021875 | H87: =MIN('GRPO平滑 0923'!M858:M976) -> -0.07734375 | I87: =IF(AND(G87<=0,H87<0),"Omit","Keep") -> Keep
A88: move_pillbottle_pad | B88: sz2-t15 | C88: 30 | D88: =MAX('GRPO平滑 0923'!G858:G976) -> 0.53359375 | E88: =INDEX('GRPO平滑 0923'!B858:B976,MATCH(MAX('GRPO平滑 0923'!G858:G976),'GRPO平滑 0923'!G858:G976,0)) -> 78 | F88: ='GRPO平滑 0923'!B976 -> 119 | G88: =MAX('GRPO平滑 0923'!N858:N976) -> 0.021875 | H88: =MIN('GRPO平滑 0923'!N858:N976) -> -0.069791667 | I88: =IF(AND(G88<=0,H88<0),"Omit","Keep") -> Keep
A89: move_pillbottle_pad | B89: sz2-t15 | C89: 40 | D89: =MAX('GRPO平滑 0923'!H858:H976) -> 0.53125 | E89: =INDEX('GRPO平滑 0923'!B858:B976,MATCH(MAX('GRPO平滑 0923'!H858:H976),'GRPO平滑 0923'!H858:H976,0)) -> 98 | F89: ='GRPO平滑 0923'!B976 -> 119 | G89: =MAX('GRPO平滑 0923'!O858:O976) -> 0.021875 | H89: =MIN('GRPO平滑 0923'!O858:O976) -> -0.049804688 | I89: =IF(AND(G89<=0,H89<0),"Omit","Keep") -> Keep
A90: move_pillbottle_pad | B90: sz2-t15 | C90: 50 | D90: =MAX('GRPO平滑 0923'!I858:I976) -> 0.528125 | E90: =INDEX('GRPO平滑 0923'!B858:B976,MATCH(MAX('GRPO平滑 0923'!I858:I976),'GRPO平滑 0923'!I858:I976,0)) -> 95 | F90: ='GRPO平滑 0923'!B976 -> 119 | G90: =MAX('GRPO平滑 0923'!P858:P976) -> 0.021875 | H90: =MIN('GRPO平滑 0923'!P858:P976) -> -0.03390625 | I90: =IF(AND(G90<=0,H90<0),"Omit","Keep") -> Keep
A91: move_pillbottle_pad | B91: sz2-t2 | C91: 5 | D91: =MAX('GRPO平滑 0923'!C977:C1192) -> 0.6546875 | E91: =INDEX('GRPO平滑 0923'!B977:B1192,MATCH(MAX('GRPO平滑 0923'!C977:C1192),'GRPO平滑 0923'!C977:C1192,0)) -> 177 | F91: ='GRPO平滑 0923'!B1117 -> 141 | G91: =MAX('GRPO平滑 0923'!J977:J1117) -> 0.103125 | H91: =MIN('GRPO平滑 0923'!J977:J1117) -> -0.0828125 | I91: =IF(AND(G91<=0,H91<0),"Omit","Keep") -> Keep
A92: move_pillbottle_pad | B92: sz2-t2 | C92: 10 | D92: =MAX('GRPO平滑 0923'!D977:D1192) -> 0.63203125 | E92: =INDEX('GRPO平滑 0923'!B977:B1192,MATCH(MAX('GRPO平滑 0923'!D977:D1192),'GRPO平滑 0923'!D977:D1192,0)) -> 179 | F92: ='GRPO平滑 0923'!B1117 -> 141 | G92: =MAX('GRPO平滑 0923'!K977:K1117) -> 0.0828125 | H92: =MIN('GRPO平滑 0923'!K977:K1117) -> -0.059375 | I92: =IF(AND(G92<=0,H92<0),"Omit","Keep") -> Keep
A93: move_pillbottle_pad | B93: sz2-t2 | C93: 15 | D93: =MAX('GRPO平滑 0923'!E977:E1192) -> 0.61770833 | E93: =INDEX('GRPO平滑 0923'!B977:B1192,MATCH(MAX('GRPO平滑 0923'!E977:E1192),'GRPO平滑 0923'!E977:E1192,0)) -> 184 | F93: ='GRPO平滑 0923'!B1117 -> 141 | G93: =MAX('GRPO平滑 0923'!L977:L1117) -> 0.071354167 | H93: =MIN('GRPO平滑 0923'!L977:L1117) -> -0.047916667 | I93: =IF(AND(G93<=0,H93<0),"Omit","Keep") -> Keep
A94: move_pillbottle_pad | B94: sz2-t2 | C94: 20 | D94: =MAX('GRPO平滑 0923'!F977:F1192) -> 0.60742188 | E94: =INDEX('GRPO平滑 0923'!B977:B1192,MATCH(MAX('GRPO平滑 0923'!F977:F1192),'GRPO平滑 0923'!F977:F1192,0)) -> 179 | F94: ='GRPO平滑 0923'!B1117 -> 141 | G94: =MAX('GRPO平滑 0923'!M977:M1117) -> 0.05859375 | H94: =MIN('GRPO平滑 0923'!M977:M1117) -> -0.04296875 | I94: =IF(AND(G94<=0,H94<0),"Omit","Keep") -> Keep
A95: move_pillbottle_pad | B95: sz2-t2 | C95: 30 | D95: =MAX('GRPO平滑 0923'!G977:G1192) -> 0.60442708 | E95: =INDEX('GRPO平滑 0923'!B977:B1192,MATCH(MAX('GRPO平滑 0923'!G977:G1192),'GRPO平滑 0923'!G977:G1192,0)) -> 177 | F95: ='GRPO平滑 0923'!B1117 -> 141 | G95: =MAX('GRPO平滑 0923'!N977:N1117) -> 0.047135417 | H95: =MIN('GRPO平滑 0923'!N977:N1117) -> -0.03125 | I95: =IF(AND(G95<=0,H95<0),"Omit","Keep") -> Keep
A96: move_pillbottle_pad | B96: sz2-t2 | C96: 40 | D96: =MAX('GRPO平滑 0923'!H977:H1192) -> 0.59902344 | E96: =INDEX('GRPO平滑 0923'!B977:B1192,MATCH(MAX('GRPO平滑 0923'!H977:H1192),'GRPO平滑 0923'!H977:H1192,0)) -> 183 | F96: ='GRPO平滑 0923'!B1117 -> 141 | G96: =MAX('GRPO平滑 0923'!O977:O1117) -> 0.040820313 | H96: =MIN('GRPO平滑 0923'!O977:O1117) -> -0.021484375 | I96: =IF(AND(G96<=0,H96<0),"Omit","Keep") -> Keep
A97: move_pillbottle_pad | B97: sz2-t2 | C97: 50 | D97: =MAX('GRPO平滑 0923'!I977:I1192) -> 0.595 | E97: =INDEX('GRPO平滑 0923'!B977:B1192,MATCH(MAX('GRPO平滑 0923'!I977:I1192),'GRPO平滑 0923'!I977:I1192,0)) -> 180 | F97: ='GRPO平滑 0923'!B1117 -> 141 | G97: =MAX('GRPO平滑 0923'!P977:P1117) -> 0.0321875 | H97: =MIN('GRPO平滑 0923'!P977:P1117) -> -0.0171875 | I97: =IF(AND(G97<=0,H97<0),"Omit","Keep") -> Keep
A98: move_pillbottle_pad | B98: sz2-t25 | C98: 5 | D98: =MAX('GRPO平滑 0923'!C1193:C1340) -> 0.609375 | E98: =INDEX('GRPO平滑 0923'!B1193:B1340,MATCH(MAX('GRPO平滑 0923'!C1193:C1340),'GRPO平滑 0923'!C1193:C1340,0)) -> 77 | F98: ='GRPO平滑 0923'!B1333 -> 141 | G98: =MAX('GRPO平滑 0923'!J1193:J1333) -> 0.0984375 | H98: =MIN('GRPO平滑 0923'!J1193:J1333) -> -0.0921875 | I98: =IF(AND(G98<=0,H98<0),"Omit","Keep") -> Keep
A99: move_pillbottle_pad | B99: sz2-t25 | C99: 10 | D99: =MAX('GRPO平滑 0923'!D1193:D1340) -> 0.5921875 | E99: =INDEX('GRPO平滑 0923'!B1193:B1340,MATCH(MAX('GRPO平滑 0923'!D1193:D1340),'GRPO平滑 0923'!D1193:D1340,0)) -> 129 | F99: ='GRPO平滑 0923'!B1333 -> 141 | G99: =MAX('GRPO平滑 0923'!K1193:K1333) -> 0.06953125 | H99: =MIN('GRPO平滑 0923'!K1193:K1333) -> -0.0671875 | I99: =IF(AND(G99<=0,H99<0),"Omit","Keep") -> Keep
A100: move_pillbottle_pad | B100: sz2-t25 | C100: 15 | D100: =MAX('GRPO平滑 0923'!E1193:E1340) -> 0.578125 | E100: =INDEX('GRPO平滑 0923'!B1193:B1340,MATCH(MAX('GRPO平滑 0923'!E1193:E1340),'GRPO平滑 0923'!E1193:E1340,0)) -> 132 | F100: ='GRPO平滑 0923'!B1333 -> 141 | G100: =MAX('GRPO平滑 0923'!L1193:L1333) -> 0.05625 | H100: =MIN('GRPO平滑 0923'!L1193:L1333) -> -0.058333333 | I100: =IF(AND(G100<=0,H100<0),"Omit","Keep") -> Keep
A101: move_pillbottle_pad | B101: sz2-t25 | C101: 20 | D101: =MAX('GRPO平滑 0923'!F1193:F1340) -> 0.57226562 | E101: =INDEX('GRPO平滑 0923'!B1193:B1340,MATCH(MAX('GRPO平滑 0923'!F1193:F1340),'GRPO平滑 0923'!F1193:F1340,0)) -> 138 | F101: ='GRPO平滑 0923'!B1333 -> 141 | G101: =MAX('GRPO平滑 0923'!M1193:M1333) -> 0.05078125 | H101: =MIN('GRPO平滑 0923'!M1193:M1333) -> -0.056640625 | I101: =IF(AND(G101<=0,H101<0),"Omit","Keep") -> Keep
A102: move_pillbottle_pad | B102: sz2-t25 | C102: 30 | D102: =MAX('GRPO平滑 0923'!G1193:G1340) -> 0.56328125 | E102: =INDEX('GRPO平滑 0923'!B1193:B1340,MATCH(MAX('GRPO平滑 0923'!G1193:G1340),'GRPO平滑 0923'!G1193:G1340,0)) -> 138 | F102: ='GRPO平滑 0923'!B1333 -> 141 | G102: =MAX('GRPO平滑 0923'!N1193:N1333) -> 0.05078125 | H102: =MIN('GRPO平滑 0923'!N1193:N1333) -> -0.042447917 | I102: =IF(AND(G102<=0,H102<0),"Omit","Keep") -> Keep
A103: move_pillbottle_pad | B103: sz2-t25 | C103: 40 | D103: =MAX('GRPO平滑 0923'!H1193:H1340) -> 0.56132812 | E103: =INDEX('GRPO平滑 0923'!B1193:B1340,MATCH(MAX('GRPO平滑 0923'!H1193:H1340),'GRPO平滑 0923'!H1193:H1340,0)) -> 132 | F103: ='GRPO平滑 0923'!B1333 -> 141 | G103: =MAX('GRPO平滑 0923'!O1193:O1333) -> 0.05078125 | H103: =MIN('GRPO平滑 0923'!O1193:O1333) -> -0.029882813 | I103: =IF(AND(G103<=0,H103<0),"Omit","Keep") -> Keep
A104: move_pillbottle_pad | B104: sz2-t25 | C104: 50 | D104: =MAX('GRPO平滑 0923'!I1193:I1340) -> 0.55890625 | E104: =INDEX('GRPO平滑 0923'!B1193:B1340,MATCH(MAX('GRPO平滑 0923'!I1193:I1340),'GRPO平滑 0923'!I1193:I1340,0)) -> 139 | F104: ='GRPO平滑 0923'!B1333 -> 141 | G104: =MAX('GRPO平滑 0923'!P1193:P1333) -> 0.05078125 | H104: =MIN('GRPO平滑 0923'!P1193:P1333) -> -0.0290625 | I104: =IF(AND(G104<=0,H104<0),"Omit","Keep") -> Keep
...

Sheet GRPO原始 0923
A1: Run | B1: Task | C1: Metric | D1: Round | E1: Raw step | F1: Success rate | G1: Wall time | H1: Segment
A2: Clean128 | B2: move_pillbottle_pad | C2: env/success_once | D2: 1 | E2: 0 | F2: 0.3046875 | G2: 1.7891189e+09 | H2: pi05-grpo-clean-half128-seed42-formal200-phys45-20260911-v1
A3: Clean128 | B3: move_pillbottle_pad | C3: env/success_once | D3: 2 | E3: 1 | F3: 0.3359375 | G3: 1.7891195e+09 | H3: pi05-grpo-clean-half128-seed42-formal200-phys45-20260911-v1
A4: Clean128 | B4: move_pillbottle_pad | C4: env/success_once | D4: 3 | E4: 2 | F4: 0.296875 | G4: 1.7891201e+09 | H4: pi05-grpo-clean-half128-seed42-formal200-phys45-20260911-v1
A5: Clean128 | B5: move_pillbottle_pad | C5: env/success_once | D5: 4 | E5: 3 | F5: 0.3671875 | G5: 1.7891207e+09 | H5: pi05-grpo-clean-half128-seed42-formal200-phys45-20260911-v1
A6: Clean128 | B6: move_pillbottle_pad | C6: env/success_once | D6: 5 | E6: 4 | F6: 0.4453125 | G6: 1.7891216e+09 | H6: pi05-grpo-clean-half128-seed42-formal200-phys45-20260911-v1
A7: Clean128 | B7: move_pillbottle_pad | C7: env/success_once | D7: 6 | E7: 5 | F7: 0.3046875 | G7: 1.7891222e+09 | H7: pi05-grpo-clean-half128-seed42-formal200-phys45-20260911-v1
A8: Clean128 | B8: move_pillbottle_pad | C8: env/success_once | D8: 7 | E8: 6 | F8: 0.3828125 | G8: 1.7891228e+09 | H8: pi05-grpo-clean-half128-seed42-formal200-phys45-20260911-v1
A9: Clean128 | B9: move_pillbottle_pad | C9: env/success_once | D9: 8 | E9: 7 | F9: 0.3125 | G9: 1.7891234e+09 | H9: pi05-grpo-clean-half128-seed42-formal200-phys45-20260911-v1
A10: Clean128 | B10: move_pillbottle_pad | C10: env/success_once | D10: 9 | E10: 8 | F10: 0.4296875 | G10: 1.789124e+09 | H10: pi05-grpo-clean-half128-seed42-formal200-phys45-20260911-v1
A11: Clean128 | B11: move_pillbottle_pad | C11: env/success_once | D11: 10 | E11: 9 | F11: 0.390625 | G11: 1.7891249e+09 | H11: pi05-grpo-clean-half128-seed42-formal200-phys45-20260911-v1
A12: Clean128 | B12: move_pillbottle_pad | C12: env/success_once | D12: 11 | E12: 10 | F12: 0.328125 | G12: 1.7891255e+09 | H12: pi05-grpo-clean-half128-seed42-formal200-phys45-20260911-v1
A13: Clean128 | B13: move_pillbottle_pad | C13: env/success_once | D13: 12 | E13: 11 | F13: 0.453125 | G13: 1.7891261e+09 | H13: pi05-grpo-clean-half128-seed42-formal200-phys45-20260911-v1
... A3252: turn-t3 | B3252: turn_switch | C3252: eval/success_once | D3252: 58 | E3252: 57 | F3252: 0.5 | G3252: 1.7901359e+09 | H3252: 0

Sheet GRPO平滑 0923
A1: Run | B1: Round | C1: MA5 | D1: MA10 | E1: MA15 | F1: MA20 | G1: MA30 | H1: MA40 | I1: MA50 | J1: MA5 minus Clean | K1: MA10 minus Clean | L1: MA15 minus Clean | M1: MA20 minus Clean | N1: MA30 minus Clean | O1: MA40 minus Clean | P1: MA50 minus Clean
A2: Clean128 | B2: 1 | C2: =AVERAGE('GRPO原始 0923'!F2:F2) -> 0.3046875 | D2: =AVERAGE('GRPO原始 0923'!F2:F2) -> 0.3046875 | E2: =AVERAGE('GRPO原始 0923'!F2:F2) -> 0.3046875 | F2: =AVERAGE('GRPO原始 0923'!F2:F2) -> 0.3046875 | G2: =AVERAGE('GRPO原始 0923'!F2:F2) -> 0.3046875 | H2: =AVERAGE('GRPO原始 0923'!F2:F2) -> 0.3046875 | I2: =AVERAGE('GRPO原始 0923'!F2:F2) -> 0.3046875 | J2: =C2-C2 -> 0 | K2: =D2-D2 -> 0 | L2: =E2-E2 -> 0 | M2: =F2-F2 -> 0 | N2: =G2-G2 -> 0 | O2: =H2-H2 -> 0 | P2: =I2-I2 -> 0
A3: Clean128 | B3: 2 | C3: =AVERAGE('GRPO原始 0923'!F2:F3) -> 0.3203125 | D3: =AVERAGE('GRPO原始 0923'!F2:F3) -> 0.3203125 | E3: =AVERAGE('GRPO原始 0923'!F2:F3) -> 0.3203125 | F3: =AVERAGE('GRPO原始 0923'!F2:F3) -> 0.3203125 | G3: =AVERAGE('GRPO原始 0923'!F2:F3) -> 0.3203125 | H3: =AVERAGE('GRPO原始 0923'!F2:F3) -> 0.3203125 | I3: =AVERAGE('GRPO原始 0923'!F2:F3) -> 0.3203125 | J3: =C3-C3 -> 0 | K3: =D3-D3 -> 0 | L3: =E3-E3 -> 0 | M3: =F3-F3 -> 0 | N3: =G3-G3 -> 0 | O3: =H3-H3 -> 0 | P3: =I3-I3 -> 0
A4: Clean128 | B4: 3 | C4: =AVERAGE('GRPO原始 0923'!F2:F4) -> 0.3125 | D4: =AVERAGE('GRPO原始 0923'!F2:F4) -> 0.3125 | E4: =AVERAGE('GRPO原始 0923'!F2:F4) -> 0.3125 | F4: =AVERAGE('GRPO原始 0923'!F2:F4) -> 0.3125 | G4: =AVERAGE('GRPO原始 0923'!F2:F4) -> 0.3125 | H4: =AVERAGE('GRPO原始 0923'!F2:F4) -> 0.3125 | I4: =AVERAGE('GRPO原始 0923'!F2:F4) -> 0.3125 | J4: =C4-C4 -> 0 | K4: =D4-D4 -> 0 | L4: =E4-E4 -> 0 | M4: =F4-F4 -> 0 | N4: =G4-G4 -> 0 | O4: =H4-H4 -> 0 | P4: =I4-I4 -> 0
A5: Clean128 | B5: 4 | C5: =AVERAGE('GRPO原始 0923'!F2:F5) -> 0.32617188 | D5: =AVERAGE('GRPO原始 0923'!F2:F5) -> 0.32617188 | E5: =AVERAGE('GRPO原始 0923'!F2:F5) -> 0.32617188 | F5: =AVERAGE('GRPO原始 0923'!F2:F5) -> 0.32617188 | G5: =AVERAGE('GRPO原始 0923'!F2:F5) -> 0.32617188 | H5: =AVERAGE('GRPO原始 0923'!F2:F5) -> 0.32617188 | I5: =AVERAGE('GRPO原始 0923'!F2:F5) -> 0.32617188 | J5: =C5-C5 -> 0 | K5: =D5-D5 -> 0 | L5: =E5-E5 -> 0 | M5: =F5-F5 -> 0 | N5: =G5-G5 -> 0 | O5: =H5-H5 -> 0 | P5: =I5-I5 -> 0
A6: Clean128 | B6: 5 | C6: =AVERAGE('GRPO原始 0923'!F2:F6) -> 0.35 | D6: =AVERAGE('GRPO原始 0923'!F2:F6) -> 0.35 | E6: =AVERAGE('GRPO原始 0923'!F2:F6) -> 0.35 | F6: =AVERAGE('GRPO原始 0923'!F2:F6) -> 0.35 | G6: =AVERAGE('GRPO原始 0923'!F2:F6) -> 0.35 | H6: =AVERAGE('GRPO原始 0923'!F2:F6) -> 0.35 | I6: =AVERAGE('GRPO原始 0923'!F2:F6) -> 0.35 | J6: =C6-C6 -> 0 | K6: =D6-D6 -> 0 | L6: =E6-E6 -> 0 | M6: =F6-F6 -> 0 | N6: =G6-G6 -> 0 | O6: =H6-H6 -> 0 | P6: =I6-I6 -> 0
A7: Clean128 | B7: 6 | C7: =AVERAGE('GRPO原始 0923'!F3:F7) -> 0.35 | D7: =AVERAGE('GRPO原始 0923'!F2:F7) -> 0.34244792 | E7: =AVERAGE('GRPO原始 0923'!F2:F7) -> 0.34244792 | F7: =AVERAGE('GRPO原始 0923'!F2:F7) -> 0.34244792 | G7: =AVERAGE('GRPO原始 0923'!F2:F7) -> 0.34244792 | H7: =AVERAGE('GRPO原始 0923'!F2:F7) -> 0.34244792 | I7: =AVERAGE('GRPO原始 0923'!F2:F7) -> 0.34244792 | J7: =C7-C7 -> 0 | K7: =D7-D7 -> 0 | L7: =E7-E7 -> 0 | M7: =F7-F7 -> 0 | N7: =G7-G7 -> 0 | O7: =H7-H7 -> 0 | P7: =I7-I7 -> 0
A8: Clean128 | B8: 7 | C8: =AVERAGE('GRPO原始 0923'!F4:F8) -> 0.359375 | D8: =AVERAGE('GRPO原始 0923'!F2:F8) -> 0.34821429 | E8: =AVERAGE('GRPO原始 0923'!F2:F8) -> 0.34821429 | F8: =AVERAGE('GRPO原始 0923'!F2:F8) -> 0.34821429 | G8: =AVERAGE('GRPO原始 0923'!F2:F8) -> 0.34821429 | H8: =AVERAGE('GRPO原始 0923'!F2:F8) -> 0.34821429 | I8: =AVERAGE('GRPO原始 0923'!F2:F8) -> 0.34821429 | J8: =C8-C8 -> 0 | K8: =D8-D8 -> 0 | L8: =E8-E8 -> 0 | M8: =F8-F8 -> 0 | N8: =G8-G8 -> 0 | O8: =H8-H8 -> 0 | P8: =I8-I8 -> 0
A9: Clean128 | B9: 8 | C9: =AVERAGE('GRPO原始 0923'!F5:F9) -> 0.3625 | D9: =AVERAGE('GRPO原始 0923'!F2:F9) -> 0.34375 | E9: =AVERAGE('GRPO原始 0923'!F2:F9) -> 0.34375 | F9: =AVERAGE('GRPO原始 0923'!F2:F9) -> 0.34375 | G9: =AVERAGE('GRPO原始 0923'!F2:F9) -> 0.34375 | H9: =AVERAGE('GRPO原始 0923'!F2:F9) -> 0.34375 | I9: =AVERAGE('GRPO原始 0923'!F2:F9) -> 0.34375 | J9: =C9-C9 -> 0 | K9: =D9-D9 -> 0 | L9: =E9-E9 -> 0 | M9: =F9-F9 -> 0 | N9: =G9-G9 -> 0 | O9: =H9-H9 -> 0 | P9: =I9-I9 -> 0
A10: Clean128 | B10: 9 | C10: =AVERAGE('GRPO原始 0923'!F6:F10) -> 0.375 | D10: =AVERAGE('GRPO原始 0923'!F2:F10) -> 0.35329861 | E10: =AVERAGE('GRPO原始 0923'!F2:F10) -> 0.35329861 | F10: =AVERAGE('GRPO原始 0923'!F2:F10) -> 0.35329861 | G10: =AVERAGE('GRPO原始 0923'!F2:F10) -> 0.35329861 | H10: =AVERAGE('GRPO原始 0923'!F2:F10) -> 0.35329861 | I10: =AVERAGE('GRPO原始 0923'!F2:F10) -> 0.35329861 | J10: =C10-C10 -> 0 | K10: =D10-D10 -> 0 | L10: =E10-E10 -> 0 | M10: =F10-F10 -> 0 | N10: =G10-G10 -> 0 | O10: =H10-H10 -> 0 | P10: =I10-I10 -> 0
A11: Clean128 | B11: 10 | C11: =AVERAGE('GRPO原始 0923'!F7:F11) -> 0.3640625 | D11: =AVERAGE('GRPO原始 0923'!F2:F11) -> 0.35703125 | E11: =AVERAGE('GRPO原始 0923'!F2:F11) -> 0.35703125 | F11: =AVERAGE('GRPO原始 0923'!F2:F11) -> 0.35703125 | G11: =AVERAGE('GRPO原始 0923'!F2:F11) -> 0.35703125 | H11: =AVERAGE('GRPO原始 0923'!F2:F11) -> 0.35703125 | I11: =AVERAGE('GRPO原始 0923'!F2:F11) -> 0.35703125 | J11: =C11-C11 -> 0 | K11: =D11-D11 -> 0 | L11: =E11-E11 -> 0 | M11: =F11-F11 -> 0 | N11: =G11-G11 -> 0 | O11: =H11-H11 -> 0 | P11: =I11-I11 -> 0
A12: Clean128 | B12: 11 | C12: =AVERAGE('GRPO原始 0923'!F8:F12) -> 0.36875 | D12: =AVERAGE('GRPO原始 0923'!F3:F12) -> 0.359375 | E12: =AVERAGE('GRPO原始 0923'!F2:F12) -> 0.35440341 | F12: =AVERAGE('GRPO原始 0923'!F2:F12) -> 0.35440341 | G12: =AVERAGE('GRPO原始 0923'!F2:F12) -> 0.35440341 | H12: =AVERAGE('GRPO原始 0923'!F2:F12) -> 0.35440341 | I12: =AVERAGE('GRPO原始 0923'!F2:F12) -> 0.35440341 | J12: =C12-C12 -> 0 | K12: =D12-D12 -> 0 | L12: =E12-E12 -> 0 | M12: =F12-F12 -> 0 | N12: =G12-G12 -> 0 | O12: =H12-H12 -> 0 | P12: =I12-I12 -> 0
A13: Clean128 | B13: 12 | C13: =AVERAGE('GRPO原始 0923'!F9:F13) -> 0.3828125 | D13: =AVERAGE('GRPO原始 0923'!F4:F13) -> 0.37109375 | E13: =AVERAGE('GRPO原始 0923'!F2:F13) -> 0.36263021 | F13: =AVERAGE('GRPO原始 0923'!F2:F13) -> 0.36263021 | G13: =AVERAGE('GRPO原始 0923'!F2:F13) -> 0.36263021 | H13: =AVERAGE('GRPO原始 0923'!F2:F13) -> 0.36263021 | I13: =AVERAGE('GRPO原始 0923'!F2:F13) -> 0.36263021 | J13: =C13-C13 -> 0 | K13: =D13-D13 -> 0 | L13: =E13-E13 -> 0 | M13: =F13-F13 -> 0 | N13: =G13-G13 -> 0 | O13: =H13-H13 -> 0 | P13: =I13-I13 -> 0
A14: Clean128 | B14: 13 | C14: =AVERAGE('GRPO原始 0923'!F10:F14) -> 0.4171875 | D14: =AVERAGE('GRPO原始 0923'!F5:F14) -> 0.38984375 | E14: =AVERAGE('GRPO原始 0923'!F2:F14) -> 0.37199519 | F14: =AVERAGE('GRPO原始 0923'!F2:F14) -> 0.37199519 | G14: =AVERAGE('GRPO原始 0923'!F2:F14) -> 0.37199519 | H14: =AVERAGE('GRPO原始 0923'!F2:F14) -> 0.37199519 | I14: =AVERAGE('GRPO原始 0923'!F2:F14) -> 0.37199519 | J14: =C14-C14 -> 0 | K14: =D14-D14 -> 0 | L14: =E14-E14 -> 0 | M14: =F14-F14 -> 0 | N14: =G14-G14 -> 0 | O14: =H14-H14 -> 0 | P14: =I14-I14 -> 0
A15: Clean128 | B15: 14 | C15: =AVERAGE('GRPO原始 0923'!F11:F15) -> 0.4171875 | D15: =AVERAGE('GRPO原始 0923'!F6:F15) -> 0.39609375 | E15: =AVERAGE('GRPO原始 0923'!F2:F15) -> 0.37611607 | F15: =AVERAGE('GRPO原始 0923'!F2:F15) -> 0.37611607 | G15: =AVERAGE('GRPO原始 0923'!F2:F15) -> 0.37611607 | H15: =AVERAGE('GRPO原始 0923'!F2:F15) -> 0.37611607 | I15: =AVERAGE('GRPO原始 0923'!F2:F15) -> 0.37611607 | J15: =C15-C15 -> 0 | K15: =D15-D15 -> 0 | L15: =E15-E15 -> 0 | M15: =F15-F15 -> 0 | N15: =G15-G15 -> 0 | O15: =H15-H15 -> 0 | P15: =I15-I15 -> 0
A16: Clean128 | B16: 15 | C16: =AVERAGE('GRPO原始 0923'!F12:F16) -> 0.3984375 | D16: =AVERAGE('GRPO原始 0923'!F7:F16) -> 0.38125 | E16: =AVERAGE('GRPO原始 0923'!F2:F16) -> 0.37083333 | F16: =AVERAGE('GRPO原始 0923'!F2:F16) -> 0.37083333 | G16: =AVERAGE('GRPO原始 0923'!F2:F16) -> 0.37083333 | H16: =AVERAGE('GRPO原始 0923'!F2:F16) -> 0.37083333 | I16: =AVERAGE('GRPO原始 0923'!F2:F16) -> 0.37083333 | J16: =C16-C16 -> 0 | K16: =D16-D16 -> 0 | L16: =E16-E16 -> 0 | M16: =F16-F16 -> 0 | N16: =G16-G16 -> 0 | O16: =H16-H16 -> 0 | P16: =I16-I16 -> 0
A17: Clean128 | B17: 16 | C17: =AVERAGE('GRPO原始 0923'!F13:F17) -> 0.4234375 | D17: =AVERAGE('GRPO原始 0923'!F8:F17) -> 0.39609375 | E17: =AVERAGE('GRPO原始 0923'!F3:F17) -> 0.38072917 | F17: =AVERAGE('GRPO原始 0923'!F2:F17) -> 0.37597656 | G17: =AVERAGE('GRPO原始 0923'!F2:F17) -> 0.37597656 | H17: =AVERAGE('GRPO原始 0923'!F2:F17) -> 0.37597656 | I17: =AVERAGE('GRPO原始 0923'!F2:F17) -> 0.37597656 | J17: =C17-C17 -> 0 | K17: =D17-D17 -> 0 | L17: =E17-E17 -> 0 | M17: =F17-F17 -> 0 | N17: =G17-G17 -> 0 | O17: =H17-H17 -> 0 | P17: =I17-I17 -> 0
A18: Clean128 | B18: 17 | C18: =AVERAGE('GRPO原始 0923'!F14:F18) -> 0.4109375 | D18: =AVERAGE('GRPO原始 0923'!F9:F18) -> 0.396875 | E18: =AVERAGE('GRPO原始 0923'!F4:F18) -> 0.384375 | F18: =AVERAGE('GRPO原始 0923'!F2:F18) -> 0.37683824 | G18: =AVERAGE('GRPO原始 0923'!F2:F18) -> 0.37683824 | H18: =AVERAGE('GRPO原始 0923'!F2:F18) -> 0.37683824 | I18: =AVERAGE('GRPO原始 0923'!F2:F18) -> 0.37683824 | J18: =C18-C18 -> 0 | K18: =D18-D18 -> 0 | L18: =E18-E18 -> 0 | M18: =F18-F18 -> 0 | N18: =G18-G18 -> 0 | O18: =H18-H18 -> 0 | P18: =I18-I18 -> 0
A19: Clean128 | B19: 18 | C19: =AVERAGE('GRPO原始 0923'!F15:F19) -> 0.4046875 | D19: =AVERAGE('GRPO原始 0923'!F10:F19) -> 0.4109375 | E19: =AVERAGE('GRPO原始 0923'!F5:F19) -> 0.39479167 | F19: =AVERAGE('GRPO原始 0923'!F2:F19) -> 0.38107639 | G19: =AVERAGE('GRPO原始 0923'!F2:F19) -> 0.38107639 | H19: =AVERAGE('GRPO原始 0923'!F2:F19) -> 0.38107639 | I19: =AVERAGE('GRPO原始 0923'!F2:F19) -> 0.38107639 | J19: =C19-C19 -> 0 | K19: =D19-D19 -> 0 | L19: =E19-E19 -> 0 | M19: =F19-F19 -> 0 | N19: =G19-G19 -> 0 | O19: =H19-H19 -> 0 | P19: =I19-I19 -> 0
A20: Clean128 | B20: 19 | C20: =AVERAGE('GRPO原始 0923'!F16:F20) -> 0.4171875 | D20: =AVERAGE('GRPO原始 0923'!F11:F20) -> 0.4171875 | E20: =AVERAGE('GRPO原始 0923'!F6:F20) -> 0.403125 | F20: =AVERAGE('GRPO原始 0923'!F2:F20) -> 0.38692434 | G20: =AVERAGE('GRPO原始 0923'!F2:F20) -> 0.38692434 | H20: =AVERAGE('GRPO原始 0923'!F2:F20) -> 0.38692434 | I20: =AVERAGE('GRPO原始 0923'!F2:F20) -> 0.38692434 | J20: =C20-C20 -> 0 | K20: =D20-D20 -> 0 | L20: =E20-E20 -> 0 | M20: =F20-F20 -> 0 | N20: =G20-G20 -> 0 | O20: =H20-H20 -> 0 | P20: =I20-I20 -> 0
A21: Clean128 | B21: 20 | C21: =AVERAGE('GRPO原始 0923'!F17:F21) -> 0.4296875 | D21: =AVERAGE('GRPO原始 0923'!F12:F21) -> 0.4140625 | E21: =AVERAGE('GRPO原始 0923'!F7:F21) -> 0.39739583 | F21: =AVERAGE('GRPO原始 0923'!F2:F21) -> 0.38554688 | G21: =AVERAGE('GRPO原始 0923'!F2:F21) -> 0.38554688 | H21: =AVERAGE('GRPO原始 0923'!F2:F21) -> 0.38554688 | I21: =AVERAGE('GRPO原始 0923'!F2:F21) -> 0.38554688 | J21: =C21-C21 -> 0 | K21: =D21-D21 -> 0 | L21: =E21-E21 -> 0 | M21: =F21-F21 -> 0 | N21: =G21-G21 -> 0 | O21: =H21-H21 -> 0 | P21: =I21-I21 -> 0
A22: Clean128 | B22: 21 | C22: =AVERAGE('GRPO原始 0923'!F18:F22) -> 0.4375 | D22: =AVERAGE('GRPO原始 0923'!F13:F22) -> 0.43046875 | E22: =AVERAGE('GRPO原始 0923'!F8:F22) -> 0.40989583 | F22: =AVERAGE('GRPO原始 0923'!F3:F22) -> 0.39492187 | G22: =AVERAGE('GRPO原始 0923'!F2:F22) -> 0.390625 | H22: =AVERAGE('GRPO原始 0923'!F2:F22) -> 0.390625 | I22: =AVERAGE('GRPO原始 0923'!F2:F22) -> 0.390625 | J22: =C22-C22 -> 0 | K22: =D22-D22 -> 0 | L22: =E22-E22 -> 0 | M22: =F22-F22 -> 0 | N22: =G22-G22 -> 0 | O22: =H22-H22 -> 0 | P22: =I22-I22 -> 0
A23: Clean128 | B23: 22 | C23: =AVERAGE('GRPO原始 0923'!F19:F23) -> 0.446875 | D23: =AVERAGE('GRPO原始 0923'!F14:F23) -> 0.42890625 | E23: =AVERAGE('GRPO原始 0923'!F9:F23) -> 0.41354167 | F23: =AVERAGE('GRPO原始 0923'!F4:F23) -> 0.4 | G23: =AVERAGE('GRPO原始 0923'!F2:F23) -> 0.39275568 | H23: =AVERAGE('GRPO原始 0923'!F2:F23) -> 0.39275568 | I23: =AVERAGE('GRPO原始 0923'!F2:F23) -> 0.39275568 | J23: =C23-C23 -> 0 | K23: =D23-D23 -> 0 | L23: =E23-E23 -> 0 | M23: =F23-F23 -> 0 | N23: =G23-G23 -> 0 | O23: =H23-H23 -> 0 | P23: =I23-I23 -> 0
A24: Clean128 | B24: 23 | C24: =AVERAGE('GRPO原始 0923'!F20:F24) -> 0.4296875 | D24: =AVERAGE('GRPO原始 0923'!F15:F24) -> 0.4171875 | E24: =AVERAGE('GRPO原始 0923'!F10:F24) -> 0.4171875 | F24: =AVERAGE('GRPO原始 0923'!F5:F24) -> 0.40351562 | G24: =AVERAGE('GRPO原始 0923'!F2:F24) -> 0.39164402 | H24: =AVERAGE('GRPO原始 0923'!F2:F24) -> 0.39164402 | I24: =AVERAGE('GRPO原始 0923'!F2:F24) -> 0.39164402 | J24: =C24-C24 -> 0 | K24: =D24-D24 -> 0 | L24: =E24-E24 -> 0 | M24: =F24-F24 -> 0 | N24: =G24-G24 -> 0 | O24: =H24-H24 -> 0 | P24: =I24-I24 -> 0
A25: Clean128 | B25: 24 | C25: =AVERAGE('GRPO原始 0923'!F21:F25) -> 0.4265625 | D25: =AVERAGE('GRPO原始 0923'!F16:F25) -> 0.421875 | E25: =AVERAGE('GRPO原始 0923'!F11:F25) -> 0.4203125 | F25: =AVERAGE('GRPO原始 0923'!F6:F25) -> 0.40898438 | G25: =AVERAGE('GRPO原始 0923'!F2:F25) -> 0.39518229 | H25: =AVERAGE('GRPO原始 0923'!F2:F25) -> 0.39518229 | I25: =AVERAGE('GRPO原始 0923'!F2:F25) -> 0.39518229 | J25: =C25-C25 -> 0 | K25: =D25-D25 -> 0 | L25: =E25-E25 -> 0 | M25: =F25-F25 -> 0 | N25: =G25-G25 -> 0 | O25: =H25-H25 -> 0 | P25: =I25-I25 -> 0
A26: Clean128 | B26: 25 | C26: =AVERAGE('GRPO原始 0923'!F22:F26) -> 0.4484375 | D26: =AVERAGE('GRPO原始 0923'!F17:F26) -> 0.4390625 | E26: =AVERAGE('GRPO原始 0923'!F12:F26) -> 0.42552083 | F26: =AVERAGE('GRPO原始 0923'!F7:F26) -> 0.41015625 | G26: =AVERAGE('GRPO原始 0923'!F2:F26) -> 0.398125 | H26: =AVERAGE('GRPO原始 0923'!F2:F26) -> 0.398125 | I26: =AVERAGE('GRPO原始 0923'!F2:F26) -> 0.398125 | J26: =C26-C26 -> 0 | K26: =D26-D26 -> 0 | L26: =E26-E26 -> 0 | M26: =F26-F26 -> 0 | N26: =G26-G26 -> 0 | O26: =H26-H26 -> 0 | P26: =I26-I26 -> 0
A27: Clean128 | B27: 26 | C27: =AVERAGE('GRPO原始 0923'!F23:F27) -> 0.4359375 | D27: =AVERAGE('GRPO原始 0923'!F18:F27) -> 0.43671875 | E27: =AVERAGE('GRPO原始 0923'!F13:F27) -> 0.43229167 | F27: =AVERAGE('GRPO原始 0923'!F8:F27) -> 0.41640625 | G27: =AVERAGE('GRPO原始 0923'!F2:F27) -> 0.39933894 | H27: =AVERAGE('GRPO原始 0923'!F2:F27) -> 0.39933894 | I27: =AVERAGE('GRPO原始 0923'!F2:F27) -> 0.39933894 | J27: =C27-C27 -> 0 | K27: =D27-D27 -> 0 | L27: =E27-E27 -> 0 | M27: =F27-F27 -> 0 | N27: =G27-G27 -> 0 | O27: =H27-H27 -> 0 | P27: =I27-I27 -> 0
A28: Clean128 | B28: 27 | C28: =AVERAGE('GRPO原始 0923'!F24:F28) -> 0.446875 | D28: =AVERAGE('GRPO原始 0923'!F19:F28) -> 0.446875 | E28: =AVERAGE('GRPO原始 0923'!F14:F28) -> 0.43489583 | F28: =AVERAGE('GRPO原始 0923'!F9:F28) -> 0.421875 | G28: =AVERAGE('GRPO原始 0923'!F2:F28) -> 0.40277778 | H28: =AVERAGE('GRPO原始 0923'!F2:F28) -> 0.40277778 | I28: =AVERAGE('GRPO原始 0923'!F2:F28) -> 0.40277778 | J28: =C28-C28 -> 0 | K28: =D28-D28 -> 0 | L28: =E28-E28 -> 0 | M28: =F28-F28 -> 0 | N28: =G28-G28 -> 0 | O28: =H28-H28 -> 0 | P28: =I28-I28 -> 0
A29: Clean128 | B29: 28 | C29: =AVERAGE('GRPO原始 0923'!F25:F29) -> 0.4375 | D29: =AVERAGE('GRPO原始 0923'!F20:F29) -> 0.43359375 | E29: =AVERAGE('GRPO原始 0923'!F15:F29) -> 0.42395833 | F29: =AVERAGE('GRPO原始 0923'!F10:F29) -> 0.42226562 | G29: =AVERAGE('GRPO原始 0923'!F2:F29) -> 0.39983259 | H29: =AVERAGE('GRPO原始 0923'!F2:F29) -> 0.39983259 | I29: =AVERAGE('GRPO原始 0923'!F2:F29) -> 0.39983259 | J29: =C29-C29 -> 0 | K29: =D29-D29 -> 0 | L29: =E29-E29 -> 0 | M29: =F29-F29 -> 0 | N29: =G29-G29 -> 0 | O29: =H29-H29 -> 0 | P29: =I29-I29 -> 0
A30: Clean128 | B30: 29 | C30: =AVERAGE('GRPO原始 0923'!F26:F30) -> 0.440625 | D30: =AVERAGE('GRPO原始 0923'!F21:F30) -> 0.43359375 | E30: =AVERAGE('GRPO原始 0923'!F16:F30) -> 0.428125 | F30: =AVERAGE('GRPO原始 0923'!F11:F30) -> 0.42539063 | G30: =AVERAGE('GRPO原始 0923'!F2:F30) -> 0.40301724 | H30: =AVERAGE('GRPO原始 0923'!F2:F30) -> 0.40301724 | I30: =AVERAGE('GRPO原始 0923'!F2:F30) -> 0.40301724 | J30: =C30-C30 -> 0 | K30: =D30-D30 -> 0 | L30: =E30-E30 -> 0 | M30: =F30-F30 -> 0 | N30: =G30-G30 -> 0 | O30: =H30-H30 -> 0 | P30: =I30-I30 -> 0
A31: Clean128 | B31: 30 | C31: =AVERAGE('GRPO原始 0923'!F27:F31) -> 0.4296875 | D31: =AVERAGE('GRPO原始 0923'!F22:F31) -> 0.4390625 | E31: =AVERAGE('GRPO原始 0923'!F17:F31) -> 0.4359375 | F31: =AVERAGE('GRPO原始 0923'!F12:F31) -> 0.4265625 | G31: =AVERAGE('GRPO原始 0923'!F2:F31) -> 0.40338542 | H31: =AVERAGE('GRPO原始 0923'!F2:F31) -> 0.40338542 | I31: =AVERAGE('GRPO原始 0923'!F2:F31) -> 0.40338542 | J31: =C31-C31 -> 0 | K31: =D31-D31 -> 0 | L31: =E31-E31 -> 0 | M31: =F31-F31 -> 0 | N31: =G31-G31 -> 0 | O31: =H31-H31 -> 0 | P31: =I31-I31 -> 0
A32: Clean128 | B32: 31 | C32: =AVERAGE('GRPO原始 0923'!F28:F32) -> 0.4234375 | D32: =AVERAGE('GRPO原始 0923'!F23:F32) -> 0.4296875 | E32: =AVERAGE('GRPO原始 0923'!F18:F32) -> 0.43229167 | F32: =AVERAGE('GRPO原始 0923'!F13:F32) -> 0.43007812 | G32: =AVERAGE('GRPO原始 0923'!F3:F32) -> 0.40651042 | H32: =AVERAGE('GRPO原始 0923'!F2:F32) -> 0.40322581 | I32: =AVERAGE('GRPO原始 0923'!F2:F32) -> 0.40322581 | J32: =C32-C32 -> 0 | K32: =D32-D32 -> 0 | L32: =E32-E32 -> 0 | M32: =F32-F32 -> 0 | N32: =G32-G32 -> 0 | O32: =H32-H32 -> 0 | P32: =I32-I32 -> 0
A33: Clean128 | B33: 32 | C33: =AVERAGE('GRPO原始 0923'!F29:F33) -> 0.4328125 | D33: =AVERAGE('GRPO原始 0923'!F24:F33) -> 0.43984375 | E33: =AVERAGE('GRPO原始 0923'!F19:F33) -> 0.4421875 | F33: =AVERAGE('GRPO原始 0923'!F14:F33) -> 0.434375 | G33: =AVERAGE('GRPO原始 0923'!F4:F33) -> 0.41328125 | H33: =AVERAGE('GRPO原始 0923'!F2:F33) -> 0.4074707 | I33: =AVERAGE('GRPO原始 0923'!F2:F33) -> 0.4074707 | J33: =C33-C33 -> 0 | K33: =D33-D33 -> 0 | L33: =E33-E33 -> 0 | M33: =F33-F33 -> 0 | N33: =G33-G33 -> 0 | O33: =H33-H33 -> 0 | P33: =I33-I33 -> 0
A34: Clean128 | B34: 33 | C34: =AVERAGE('GRPO原始 0923'!F30:F34) -> 0.4640625 | D34: =AVERAGE('GRPO原始 0923'!F25:F34) -> 0.45078125 | E34: =AVERAGE('GRPO原始 0923'!F20:F34) -> 0.44375 | F34: =AVERAGE('GRPO原始 0923'!F15:F34) -> 0.43398437 | G34: =AVERAGE('GRPO原始 0923'!F5:F34) -> 0.41927083 | H34: =AVERAGE('GRPO原始 0923'!F2:F34) -> 0.40956439 | I34: =AVERAGE('GRPO原始 0923'!F2:F34) -> 0.40956439 | J34: =C34-C34 -> 0 | K34: =D34-D34 -> 0 | L34: =E34-E34 -> 0 | M34: =F34-F34 -> 0 | N34: =G34-G34 -> 0 | O34: =H34-H34 -> 0 | P34: =I34-I34 -> 0
A35: Clean128 | B35: 34 | C35: =AVERAGE('GRPO原始 0923'!F31:F35) -> 0.4828125 | D35: =AVERAGE('GRPO原始 0923'!F26:F35) -> 0.46171875 | E35: =AVERAGE('GRPO原始 0923'!F21:F35) -> 0.45 | F35: =AVERAGE('GRPO原始 0923'!F16:F35) -> 0.44179687 | G35: =AVERAGE('GRPO原始 0923'!F6:F35) -> 0.4265625 | H35: =AVERAGE('GRPO原始 0923'!F2:F35) -> 0.41475184 | I35: =AVERAGE('GRPO原始 0923'!F2:F35) -> 0.41475184 | J35: =C35-C35 -> 0 | K35: =D35-D35 -> 0 | L35: =E35-E35 -> 0 | M35: =F35-F35 -> 0 | N35: =G35-G35 -> 0 | O35: =H35-H35 -> 0 | P35: =I35-I35 -> 0
A36: Clean128 | B36: 35 | C36: =AVERAGE('GRPO原始 0923'!F32:F36) -> 0.4921875 | D36: =AVERAGE('GRPO原始 0923'!F27:F36) -> 0.4609375 | E36: =AVERAGE('GRPO原始 0923'!F22:F36) -> 0.45677083 | F36: =AVERAGE('GRPO原始 0923'!F17:F36) -> 0.45 | G36: =AVERAGE('GRPO原始 0923'!F7:F36) -> 0.42708333 | H36: =AVERAGE('GRPO原始 0923'!F2:F36) -> 0.41607143 | I36: =AVERAGE('GRPO原始 0923'!F2:F36) -> 0.41607143 | J36: =C36-C36 -> 0 | K36: =D36-D36 -> 0 | L36: =E36-E36 -> 0 | M36: =F36-F36 -> 0 | N36: =G36-G36 -> 0 | O36: =H36-H36 -> 0 | P36: =I36-I36 -> 0
A37: Clean128 | B37: 36 | C37: =AVERAGE('GRPO原始 0923'!F33:F37) -> 0.515625 | D37: =AVERAGE('GRPO原始 0923'!F28:F37) -> 0.46953125 | E37: =AVERAGE('GRPO原始 0923'!F23:F37) -> 0.45833333 | F37: =AVERAGE('GRPO原始 0923'!F18:F37) -> 0.453125 | G37: =AVERAGE('GRPO原始 0923'!F8:F37) -> 0.43411458 | H37: =AVERAGE('GRPO原始 0923'!F2:F37) -> 0.41883681 | I37: =AVERAGE('GRPO原始 0923'!F2:F37) -> 0.41883681 | J37: =C37-C37 -> 0 | K37: =D37-D37 -> 0 | L37: =E37-E37 -> 0 | M37: =F37-F37 -> 0 | N37: =G37-G37 -> 0 | O37: =H37-H37 -> 0 | P37: =I37-I37 -> 0
A38: Clean128 | B38: 37 | C38: =AVERAGE('GRPO原始 0923'!F34:F38) -> 0.5203125 | D38: =AVERAGE('GRPO原始 0923'!F29:F38) -> 0.4765625 | E38: =AVERAGE('GRPO原始 0923'!F24:F38) -> 0.46666667 | F38: =AVERAGE('GRPO原始 0923'!F19:F38) -> 0.46171875 | G38: =AVERAGE('GRPO原始 0923'!F9:F38) -> 0.44010417 | H38: =AVERAGE('GRPO原始 0923'!F2:F38) -> 0.42271959 | I38: =AVERAGE('GRPO原始 0923'!F2:F38) -> 0.42271959 | J38: =C38-C38 -> 0 | K38: =D38-D38 -> 0 | L38: =E38-E38 -> 0 | M38: =F38-F38 -> 0 | N38: =G38-G38 -> 0 | O38: =H38-H38 -> 0 | P38: =I38-I38 -> 0
A39: Clean128 | B39: 38 | C39: =AVERAGE('GRPO原始 0923'!F35:F39) -> 0.55 | D39: =AVERAGE('GRPO原始 0923'!F30:F39) -> 0.50703125 | E39: =AVERAGE('GRPO原始 0923'!F25:F39) -> 0.48385417 | F39: =AVERAGE('GRPO原始 0923'!F20:F39) -> 0.4703125 | G39: =AVERAGE('GRPO原始 0923'!F10:F39) -> 0.45052083 | H39: =AVERAGE('GRPO原始 0923'!F2:F39) -> 0.42804276 | I39: =AVERAGE('GRPO原始 0923'!F2:F39) -> 0.42804276 | J39: =C39-C39 -> 0 | K39: =D39-D39 -> 0 | L39: =E39-E39 -> 0 | M39: =F39-F39 -> 0 | N39: =G39-G39 -> 0 | O39: =H39-H39 -> 0 | P39: =I39-I39 -> 0
A40: Clean128 | B40: 39 | C40: =AVERAGE('GRPO原始 0923'!F36:F40) -> 0.5328125 | D40: =AVERAGE('GRPO原始 0923'!F31:F40) -> 0.5078125 | E40: =AVERAGE('GRPO原始 0923'!F26:F40) -> 0.48541667 | F40: =AVERAGE('GRPO原始 0923'!F21:F40) -> 0.47070312 | G40: =AVERAGE('GRPO原始 0923'!F11:F40) -> 0.45286458 | H40: =AVERAGE('GRPO原始 0923'!F2:F40) -> 0.42988782 | I40: =AVERAGE('GRPO原始 0923'!F2:F40) -> 0.42988782 | J40: =C40-C40 -> 0 | K40: =D40-D40 -> 0 | L40: =E40-E40 -> 0 | M40: =F40-F40 -> 0 | N40: =G40-G40 -> 0 | O40: =H40-H40 -> 0 | P40: =I40-I40 -> 0
A41: Clean128 | B41: 40 | C41: =AVERAGE('GRPO原始 0923'!F37:F41) -> 0.528125 | D41: =AVERAGE('GRPO原始 0923'!F32:F41) -> 0.51015625 | E41: =AVERAGE('GRPO原始 0923'!F27:F41) -> 0.48333333 | F41: =AVERAGE('GRPO原始 0923'!F22:F41) -> 0.47460938 | G41: =AVERAGE('GRPO原始 0923'!F12:F41) -> 0.45442708 | H41: =AVERAGE('GRPO原始 0923'!F2:F41) -> 0.43007812 | I41: =AVERAGE('GRPO原始 0923'!F2:F41) -> 0.43007812 | J41: =C41-C41 -> 0 | K41: =D41-D41 -> 0 | L41: =E41-E41 -> 0 | M41: =F41-F41 -> 0 | N41: =G41-G41 -> 0 | O41: =H41-H41 -> 0 | P41: =I41-I41 -> 0
A42: Clean128 | B42: 41 | C42: =AVERAGE('GRPO原始 0923'!F38:F42) -> 0.5421875 | D42: =AVERAGE('GRPO原始 0923'!F33:F42) -> 0.52890625 | E42: =AVERAGE('GRPO原始 0923'!F28:F42) -> 0.49375 | F42: =AVERAGE('GRPO原始 0923'!F23:F42) -> 0.47929688 | G42: =AVERAGE('GRPO原始 0923'!F13:F42) -> 0.46302083 | H42: =AVERAGE('GRPO原始 0923'!F3:F42) -> 0.43710938 | I42: =AVERAGE('GRPO原始 0923'!F2:F42) -> 0.43387957 | J42: =C42-C42 -> 0 | K42: =D42-D42 -> 0 | L42: =E42-E42 -> 0 | M42: =F42-F42 -> 0 | N42: =G42-G42 -> 0 | O42: =H42-H42 -> 0 | P42: =I42-I42 -> 0
A43: Clean128 | B43: 42 | C43: =AVERAGE('GRPO原始 0923'!F39:F43) -> 0.521875 | D43: =AVERAGE('GRPO原始 0923'!F34:F43) -> 0.52109375 | E43: =AVERAGE('GRPO原始 0923'!F29:F43) -> 0.49166667 | F43: =AVERAGE('GRPO原始 0923'!F24:F43) -> 0.48046875 | G43: =AVERAGE('GRPO原始 0923'!F14:F43) -> 0.46328125 | H43: =AVERAGE('GRPO原始 0923'!F4:F43) -> 0.44023438 | I43: =AVERAGE('GRPO原始 0923'!F2:F43) -> 0.43452381 | J43: =C43-C43 -> 0 | K43: =D43-D43 -> 0 | L43: =E43-E43 -> 0 | M43: =F43-F43 -> 0 | N43: =G43-G43 -> 0 | O43: =H43-H43 -> 0 | P43: =I43-I43 -> 0
A44: Clean128 | B44: 43 | C44: =AVERAGE('GRPO原始 0923'!F40:F44) -> 0.4796875 | D44: =AVERAGE('GRPO原始 0923'!F35:F44) -> 0.51484375 | E44: =AVERAGE('GRPO原始 0923'!F30:F44) -> 0.49791667 | F44: =AVERAGE('GRPO原始 0923'!F25:F44) -> 0.4828125 | G44: =AVERAGE('GRPO原始 0923'!F15:F44) -> 0.4609375 | H44: =AVERAGE('GRPO原始 0923'!F5:F44) -> 0.44316406 | I44: =AVERAGE('GRPO原始 0923'!F2:F44) -> 0.43404797 | J44: =C44-C44 -> 0 | K44: =D44-D44 -> 0 | L44: =E44-E44 -> 0 | M44: =F44-F44 -> 0 | N44: =G44-G44 -> 0 | O44: =H44-H44 -> 0 | P44: =I44-I44 -> 0
A45: Clean128 | B45: 44 | C45: =AVERAGE('GRPO原始 0923'!F41:F45) -> 0.4734375 | D45: =AVERAGE('GRPO原始 0923'!F36:F45) -> 0.503125 | E45: =AVERAGE('GRPO原始 0923'!F31:F45) -> 0.49635417 | F45: =AVERAGE('GRPO原始 0923'!F26:F45) -> 0.48242188 | G45: =AVERAGE('GRPO原始 0923'!F16:F45) -> 0.46223958 | H45: =AVERAGE('GRPO原始 0923'!F6:F45) -> 0.44570312 | I45: =AVERAGE('GRPO原始 0923'!F2:F45) -> 0.43483665 | J45: =C45-C45 -> 0 | K45: =D45-D45 -> 0 | L45: =E45-E45 -> 0 | M45: =F45-F45 -> 0 | N45: =G45-G45 -> 0 | O45: =H45-H45 -> 0 | P45: =I45-I45 -> 0
A46: Clean128 | B46: 45 | C46: =AVERAGE('GRPO原始 0923'!F42:F46) -> 0.478125 | D46: =AVERAGE('GRPO原始 0923'!F37:F46) -> 0.503125 | E46: =AVERAGE('GRPO原始 0923'!F32:F46) -> 0.49947917 | F46: =AVERAGE('GRPO原始 0923'!F27:F46) -> 0.48203125 | G46: =AVERAGE('GRPO原始 0923'!F17:F46) -> 0.46770833 | H46: =AVERAGE('GRPO原始 0923'!F7:F46) -> 0.44609375 | I46: =AVERAGE('GRPO原始 0923'!F2:F46) -> 0.43541667 | J46: =C46-C46 -> 0 | K46: =D46-D46 -> 0 | L46: =E46-E46 -> 0 | M46: =F46-F46 -> 0 | N46: =G46-G46 -> 0 | O46: =H46-H46 -> 0 | P46: =I46-I46 -> 0
A47: Clean128 | B47: 46 | C47: =AVERAGE('GRPO原始 0923'!F43:F47) -> 0.4875 | D47: =AVERAGE('GRPO原始 0923'!F38:F47) -> 0.51484375 | E47: =AVERAGE('GRPO原始 0923'!F33:F47) -> 0.51510417 | F47: =AVERAGE('GRPO原始 0923'!F28:F47) -> 0.4921875 | G47: =AVERAGE('GRPO原始 0923'!F18:F47) -> 0.47369792 | H47: =AVERAGE('GRPO原始 0923'!F8:F47) -> 0.45429687 | I47: =AVERAGE('GRPO原始 0923'!F2:F47) -> 0.43970788 | J47: =C47-C47 -> 0 | K47: =D47-D47 -> 0 | L47: =E47-E47 -> 0 | M47: =F47-F47 -> 0 | N47: =G47-G47 -> 0 | O47: =H47-H47 -> 0 | P47: =I47-I47 -> 0
A48: Clean128 | B48: 47 | C48: =AVERAGE('GRPO原始 0923'!F44:F48) -> 0.5140625 | D48: =AVERAGE('GRPO原始 0923'!F39:F48) -> 0.51796875 | E48: =AVERAGE('GRPO原始 0923'!F34:F48) -> 0.51875 | F48: =AVERAGE('GRPO原始 0923'!F29:F48) -> 0.49726562 | G48: =AVERAGE('GRPO原始 0923'!F19:F48) -> 0.48046875 | H48: =AVERAGE('GRPO原始 0923'!F9:F48) -> 0.45957031 | I48: =AVERAGE('GRPO原始 0923'!F2:F48) -> 0.44298537 | J48: =C48-C48 -> 0 | K48: =D48-D48 -> 0 | L48: =E48-E48 -> 0 | M48: =F48-F48 -> 0 | N48: =G48-G48 -> 0 | O48: =H48-H48 -> 0 | P48: =I48-I48 -> 0
A49: Clean128 | B49: 48 | C49: =AVERAGE('GRPO原始 0923'!F45:F49) -> 0.546875 | D49: =AVERAGE('GRPO原始 0923'!F40:F49) -> 0.51328125 | E49: =AVERAGE('GRPO原始 0923'!F35:F49) -> 0.52552083 | F49: =AVERAGE('GRPO原始 0923'!F30:F49) -> 0.51015625 | G49: =AVERAGE('GRPO原始 0923'!F20:F49) -> 0.48463542 | H49: =AVERAGE('GRPO原始 0923'!F10:F49) -> 0.46621094 | I49: =AVERAGE('GRPO原始 0923'!F2:F49) -> 0.44580078 | J49: =C49-C49 -> 0 | K49: =D49-D49 -> 0 | L49: =E49-E49 -> 0 | M49: =F49-F49 -> 0 | N49: =G49-G49 -> 0 | O49: =H49-H49 -> 0 | P49: =I49-I49 -> 0
A50: Clean128 | B50: 49 | C50: =AVERAGE('GRPO原始 0923'!F46:F50) -> 0.571875 | D50: =AVERAGE('GRPO原始 0923'!F41:F50) -> 0.52265625 | E50: =AVERAGE('GRPO原始 0923'!F36:F50) -> 0.52604167 | F50: =AVERAGE('GRPO原始 0923'!F31:F50) -> 0.51523438 | G50: =AVERAGE('GRPO原始 0923'!F21:F50) -> 0.48802083 | H50: =AVERAGE('GRPO原始 0923'!F11:F50) -> 0.4703125 | I50: =AVERAGE('GRPO原始 0923'!F2:F50) -> 0.44882015 | J50: =C50-C50 -> 0 | K50: =D50-D50 -> 0 | L50: =E50-E50 -> 0 | M50: =F50-F50 -> 0 | N50: =G50-G50 -> 0 | O50: =H50-H50 -> 0 | P50: =I50-I50 -> 0
A51: Clean128 | B51: 50 | C51: =AVERAGE('GRPO原始 0923'!F47:F51) -> 0.5734375 | D51: =AVERAGE('GRPO原始 0923'!F42:F51) -> 0.52578125 | E51: =AVERAGE('GRPO原始 0923'!F37:F51) -> 0.5265625 | F51: =AVERAGE('GRPO原始 0923'!F32:F51) -> 0.51796875 | G51: =AVERAGE('GRPO原始 0923'!F22:F51) -> 0.49166667 | H51: =AVERAGE('GRPO原始 0923'!F12:F51) -> 0.47226563 | I51: =AVERAGE('GRPO原始 0923'!F2:F51) -> 0.44921875 | J51: =C51-C51 -> 0 | K51: =D51-D51 -> 0 | L51: =E51-E51 -> 0 | M51: =F51-F51 -> 0 | N51: =G51-G51 -> 0 | O51: =H51-H51 -> 0 | P51: =I51-I51 -> 0
A52: Clean128 | B52: 51 | C52: =AVERAGE('GRPO原始 0923'!F48:F52) -> 0.575 | D52: =AVERAGE('GRPO原始 0923'!F43:F52) -> 0.53125 | E52: =AVERAGE('GRPO原始 0923'!F38:F52) -> 0.53489583 | F52: =AVERAGE('GRPO原始 0923'!F33:F52) -> 0.53007812 | G52: =AVERAGE('GRPO原始 0923'!F23:F52) -> 0.49661458 | H52: =AVERAGE('GRPO原始 0923'!F13:F52) -> 0.48007813 | I52: =AVERAGE('GRPO原始 0923'!F3:F52) -> 0.4559375 | J52: =C52-C52 -> 0 | K52: =D52-D52 -> 0 | L52: =E52-E52 -> 0 | M52: =F52-F52 -> 0 | N52: =G52-G52 -> 0 | O52: =H52-H52 -> 0 | P52: =I52-I52 -> 0
A53: Clean128 | B53: 52 | C53: =AVERAGE('GRPO原始 0923'!F49:F53) -> 0.5796875 | D53: =AVERAGE('GRPO原始 0923'!F44:F53) -> 0.546875 | E53: =AVERAGE('GRPO原始 0923'!F39:F53) -> 0.53854167 | F53: =AVERAGE('GRPO原始 0923'!F34:F53) -> 0.53398437 | G53: =AVERAGE('GRPO原始 0923'!F24:F53) -> 0.50260417 | H53: =AVERAGE('GRPO原始 0923'!F14:F53) -> 0.48417969 | I53: =AVERAGE('GRPO原始 0923'!F4:F53) -> 0.4615625 | J53: =C53-C53 -> 0 | K53: =D53-D53 -> 0 | L53: =E53-E53 -> 0 | M53: =F53-F53 -> 0 | N53: =G53-G53 -> 0 | O53: =H53-H53 -> 0 | P53: =I53-I53 -> 0
A54: Clean128 | B54: 53 | C54: =AVERAGE('GRPO原始 0923'!F50:F54) -> 0.584375 | D54: =AVERAGE('GRPO原始 0923'!F45:F54) -> 0.565625 | E54: =AVERAGE('GRPO原始 0923'!F40:F54) -> 0.53697917 | F54: =AVERAGE('GRPO原始 0923'!F35:F54) -> 0.54023438 | G54: =AVERAGE('GRPO原始 0923'!F25:F54) -> 0.51041667 | H54: =AVERAGE('GRPO原始 0923'!F15:F54) -> 0.48710938 | I54: =AVERAGE('GRPO原始 0923'!F5:F54) -> 0.46765625 | J54: =C54-C54 -> 0 | K54: =D54-D54 -> 0 | L54: =E54-E54 -> 0 | M54: =F54-F54 -> 0 | N54: =G54-G54 -> 0 | O54: =H54-H54 -> 0 | P54: =I54-I54 -> 0
A55: Clean128 | B55: 54 | C55: =AVERAGE('GRPO原始 0923'!F51:F55) -> 0.5796875 | D55: =AVERAGE('GRPO原始 0923'!F46:F55) -> 0.57578125 | E55: =AVERAGE('GRPO原始 0923'!F41:F55) -> 0.54166667 | F55: =AVERAGE('GRPO原始 0923'!F36:F55) -> 0.53945312 | G55: =AVERAGE('GRPO原始 0923'!F26:F55) -> 0.51354167 | H55: =AVERAGE('GRPO原始 0923'!F16:F55) -> 0.490625 | I55: =AVERAGE('GRPO原始 0923'!F6:F55) -> 0.47171875 | J55: =C55-C55 -> 0 | K55: =D55-D55 -> 0 | L55: =E55-E55 -> 0 | M55: =F55-F55 -> 0 | N55: =G55-G55 -> 0 | O55: =H55-H55 -> 0 | P55: =I55-I55 -> 0
A56: Clean128 | B56: 55 | C56: =AVERAGE('GRPO原始 0923'!F52:F56) -> 0.5890625 | D56: =AVERAGE('GRPO原始 0923'!F47:F56) -> 0.58125 | E56: =AVERAGE('GRPO原始 0923'!F42:F56) -> 0.546875 | F56: =AVERAGE('GRPO原始 0923'!F37:F56) -> 0.5421875 | G56: =AVERAGE('GRPO原始 0923'!F27:F56) -> 0.51510417 | H56: =AVERAGE('GRPO原始 0923'!F17:F56) -> 0.49609375 | I56: =AVERAGE('GRPO原始 0923'!F7:F56) -> 0.473125 | J56: =C56-C56 -> 0 | K56: =D56-D56 -> 0 | L56: =E56-E56 -> 0 | M56: =F56-F56 -> 0 | N56: =G56-G56 -> 0 | O56: =H56-H56 -> 0 | P56: =I56-I56 -> 0
A57: Clean128 | B57: 56 | C57: =AVERAGE('GRPO原始 0923'!F53:F57) -> 0.5375 | D57: =AVERAGE('GRPO原始 0923'!F48:F57) -> 0.55625 | E57: =AVERAGE('GRPO原始 0923'!F43:F57) -> 0.53333333 | F57: =AVERAGE('GRPO原始 0923'!F38:F57) -> 0.53554687 | G57: =AVERAGE('GRPO原始 0923'!F28:F57) -> 0.51354167 | H57: =AVERAGE('GRPO原始 0923'!F18:F57) -> 0.49433594 | I57: =AVERAGE('GRPO原始 0923'!F8:F57) -> 0.4746875 | J57: =C57-C57 -> 0 | K57: =D57-D57 -> 0 | L57: =E57-E57 -> 0 | M57: =F57-F57 -> 0 | N57: =G57-G57 -> 0 | O57: =H57-H57 -> 0 | P57: =I57-I57 -> 0
A58: Clean128 | B58: 57 | C58: =AVERAGE('GRPO原始 0923'!F54:F58) -> 0.534375 | D58: =AVERAGE('GRPO原始 0923'!F49:F58) -> 0.55703125 | E58: =AVERAGE('GRPO原始 0923'!F44:F58) -> 0.54270833 | F58: =AVERAGE('GRPO原始 0923'!F39:F58) -> 0.5375 | G58: =AVERAGE('GRPO原始 0923'!F29:F58) -> 0.5171875 | H58: =AVERAGE('GRPO原始 0923'!F19:F58) -> 0.49960938 | I58: =AVERAGE('GRPO原始 0923'!F9:F58) -> 0.4790625 | J58: =C58-C58 -> 0 | K58: =D58-D58 -> 0 | L58: =E58-E58 -> 0 | M58: =F58-F58 -> 0 | N58: =G58-G58 -> 0 | O58: =H58-H58 -> 0 | P58: =I58-I58 -> 0
A59: Clean128 | B59: 58 | C59: =AVERAGE('GRPO原始 0923'!F55:F59) -> 0.5390625 | D59: =AVERAGE('GRPO原始 0923'!F50:F59) -> 0.56171875 | E59: =AVERAGE('GRPO原始 0923'!F45:F59) -> 0.55677083 | F59: =AVERAGE('GRPO原始 0923'!F40:F59) -> 0.5375 | G59: =AVERAGE('GRPO原始 0923'!F30:F59) -> 0.52734375 | H59: =AVERAGE('GRPO原始 0923'!F20:F59) -> 0.50390625 | I59: =AVERAGE('GRPO原始 0923'!F10:F59) -> 0.4853125 | J59: =C59-C59 -> 0 | K59: =D59-D59 -> 0 | L59: =E59-E59 -> 0 | M59: =F59-F59 -> 0 | N59: =G59-G59 -> 0 | O59: =H59-H59 -> 0 | P59: =I59-I59 -> 0
A60: Clean128 | B60: 59 | C60: =AVERAGE('GRPO原始 0923'!F56:F60) -> 0.5328125 | D60: =AVERAGE('GRPO原始 0923'!F51:F60) -> 0.55625 | E60: =AVERAGE('GRPO原始 0923'!F46:F60) -> 0.56145833 | F60: =AVERAGE('GRPO原始 0923'!F41:F60) -> 0.53945312 | G60: =AVERAGE('GRPO原始 0923'!F31:F60) -> 0.52890625 | H60: =AVERAGE('GRPO原始 0923'!F21:F60) -> 0.50507813 | I60: =AVERAGE('GRPO原始 0923'!F11:F60) -> 0.4875 | J60: =C60-C60 -> 0 | K60: =D60-D60 -> 0 | L60: =E60-E60 -> 0 | M60: =F60-F60 -> 0 | N60: =G60-G60 -> 0 | O60: =H60-H60 -> 0 | P60: =I60-I60 -> 0
A61: Clean128 | B61: 60 | C61: =AVERAGE('GRPO原始 0923'!F57:F61) -> 0.5421875 | D61: =AVERAGE('GRPO原始 0923'!F52:F61) -> 0.565625 | E61: =AVERAGE('GRPO原始 0923'!F47:F61) -> 0.56822917 | F61: =AVERAGE('GRPO原始 0923'!F42:F61) -> 0.54570312 | G61: =AVERAGE('GRPO原始 0923'!F32:F61) -> 0.53385417 | H61: =AVERAGE('GRPO原始 0923'!F22:F61) -> 0.51015625 | I61: =AVERAGE('GRPO原始 0923'!F12:F61) -> 0.4909375 | J61: =C61-C61 -> 0 | K61: =D61-D61 -> 0 | L61: =E61-E61 -> 0 | M61: =F61-F61 -> 0 | N61: =G61-G61 -> 0 | O61: =H61-H61 -> 0 | P61: =I61-I61 -> 0
A62: Clean128 | B62: 61 | C62: =AVERAGE('GRPO原始 0923'!F58:F62) -> 0.5859375 | D62: =AVERAGE('GRPO原始 0923'!F53:F62) -> 0.56171875 | E62: =AVERAGE('GRPO原始 0923'!F48:F62) -> 0.56614583 | F62: =AVERAGE('GRPO原始 0923'!F43:F62) -> 0.54648438 | G62: =AVERAGE('GRPO原始 0923'!F33:F62) -> 0.540625 | H62: =AVERAGE('GRPO原始 0923'!F23:F62) -> 0.51289063 | I62: =AVERAGE('GRPO原始 0923'!F13:F62) -> 0.49640625 | J62: =C62-C62 -> 0 | K62: =D62-D62 -> 0 | L62: =E62-E62 -> 0 | M62: =F62-F62 -> 0 | N62: =G62-G62 -> 0 | O62: =H62-H62 -> 0 | P62: =I62-I62 -> 0
... A142: Clean128 | B142: 141 | C142: =AVERAGE('GRPO原始 0923'!F138:F142) -> 0.546875 | D142: =AVERAGE('GRPO原始 0923'!F133:F142) -> 0.5546875 | E142: =AVERAGE('GRPO原始 0923'!F128:F142) -> 0.56145833 | F142: =AVERAGE('GRPO原始 0923'!F123:F142) -> 0.5875 | G142: =AVERAGE('GRPO原始 0923'!F113:F142) -> 0.58880208 | H142: =AVERAGE('GRPO原始 0923'!F103:F142) -> 0.57714844 | I142: =AVERAGE('GRPO原始 0923'!F93:F142) -> 0.5796875 | J142: =C142-C142 -> 0 | K142: =D142-D142 -> 0 | L142: =E142-E142 -> 0 | M142: =F142-F142 -> 0 | N142: =G142-G142 -> 0 | O142: =H142-H142 -> 0 | P142: =I142-I142 -> 0
A143: exp-t05 | B143: 1 | C143: =AVERAGE('GRPO原始 0923'!F171:F171) -> 0.3046875 | D143: =AVERAGE('GRPO原始 0923'!F171:F171) -> 0.3046875 | E143: =AVERAGE('GRPO原始 0923'!F171:F171) -> 0.3046875 | F143: =AVERAGE('GRPO原始 0923'!F171:F171) -> 0.3046875 | G143: =AVERAGE('GRPO原始 0923'!F171:F171) -> 0.3046875 | H143: =AVERAGE('GRPO原始 0923'!F171:F171) -> 0.3046875 | I143: =AVERAGE('GRPO原始 0923'!F171:F171) -> 0.3046875 | J143: =C143-C2 -> 0 | K143: =D143-D2 -> 0 | L143: =E143-E2 -> 0 | M143: =F143-F2 -> 0 | N143: =G143-G2 -> 0 | O143: =H143-H2 -> 0 | P143: =I143-I2 -> 0
A144: exp-t05 | B144: 2 | C144: =AVERAGE('GRPO原始 0923'!F171:F172) -> 0.33203125 | D144: =AVERAGE('GRPO原始 0923'!F171:F172) -> 0.33203125 | E144: =AVERAGE('GRPO原始 0923'!F171:F172) -> 0.33203125 | F144: =AVERAGE('GRPO原始 0923'!F171:F172) -> 0.33203125 | G144: =AVERAGE('GRPO原始 0923'!F171:F172) -> 0.33203125 | H144: =AVERAGE('GRPO原始 0923'!F171:F172) -> 0.33203125 | I144: =AVERAGE('GRPO原始 0923'!F171:F172) -> 0.33203125 | J144: =C144-C3 -> 0.01171875 | K144: =D144-D3 -> 0.01171875 | L144: =E144-E3 -> 0.01171875 | M144: =F144-F3 -> 0.01171875 | N144: =G144-G3 -> 0.01171875 | O144: =H144-H3 -> 0.01171875 | P144: =I144-I3 -> 0.01171875
A145: exp-t05 | B145: 3 | C145: =AVERAGE('GRPO原始 0923'!F171:F173) -> 0.34375 | D145: =AVERAGE('GRPO原始 0923'!F171:F173) -> 0.34375 | E145: =AVERAGE('GRPO原始 0923'!F171:F173) -> 0.34375 | F145: =AVERAGE('GRPO原始 0923'!F171:F173) -> 0.34375 | G145: =AVERAGE('GRPO原始 0923'!F171:F173) -> 0.34375 | H145: =AVERAGE('GRPO原始 0923'!F171:F173) -> 0.34375 | I145: =AVERAGE('GRPO原始 0923'!F171:F173) -> 0.34375 | J145: =C145-C4 -> 0.03125 | K145: =D145-D4 -> 0.03125 | L145: =E145-E4 -> 0.03125 | M145: =F145-F4 -> 0.03125 | N145: =G145-G4 -> 0.03125 | O145: =H145-H4 -> 0.03125 | P145: =I145-I4 -> 0.03125
A146: exp-t05 | B146: 4 | C146: =AVERAGE('GRPO原始 0923'!F171:F174) -> 0.35351562 | D146: =AVERAGE('GRPO原始 0923'!F171:F174) -> 0.35351562 | E146: =AVERAGE('GRPO原始 0923'!F171:F174) -> 0.35351562 | F146: =AVERAGE('GRPO原始 0923'!F171:F174) -> 0.35351562 | G146: =AVERAGE('GRPO原始 0923'!F171:F174) -> 0.35351562 | H146: =AVERAGE('GRPO原始 0923'!F171:F174) -> 0.35351562 | I146: =AVERAGE('GRPO原始 0923'!F171:F174) -> 0.35351562 | J146: =C146-C5 -> 0.02734375 | K146: =D146-D5 -> 0.02734375 | L146: =E146-E5 -> 0.02734375 | M146: =F146-F5 -> 0.02734375 | N146: =G146-G5 -> 0.02734375 | O146: =H146-H5 -> 0.02734375 | P146: =I146-I5 -> 0.02734375
A147: exp-t05 | B147: 5 | C147: =AVERAGE('GRPO原始 0923'!F171:F175) -> 0.3765625 | D147: =AVERAGE('GRPO原始 0923'!F171:F175) -> 0.3765625 | E147: =AVERAGE('GRPO原始 0923'!F171:F175) -> 0.3765625 | F147: =AVERAGE('GRPO原始 0923'!F171:F175) -> 0.3765625 | G147: =AVERAGE('GRPO原始 0923'!F171:F175) -> 0.3765625 | H147: =AVERAGE('GRPO原始 0923'!F171:F175) -> 0.3765625 | I147: =AVERAGE('GRPO原始 0923'!F171:F175) -> 0.3765625 | J147: =C147-C6 -> 0.0265625 | K147: =D147-D6 -> 0.0265625 | L147: =E147-E6 -> 0.0265625 | M147: =F147-F6 -> 0.0265625 | N147: =G147-G6 -> 0.0265625 | O147: =H147-H6 -> 0.0265625 | P147: =I147-I6 -> 0.0265625
A148: exp-t05 | B148: 6 | C148: =AVERAGE('GRPO原始 0923'!F172:F176) -> 0.371875 | D148: =AVERAGE('GRPO原始 0923'!F171:F176) -> 0.36067708 | E148: =AVERAGE('GRPO原始 0923'!F171:F176) -> 0.36067708 | F148: =AVERAGE('GRPO原始 0923'!F171:F176) -> 0.36067708 | G148: =AVERAGE('GRPO原始 0923'!F171:F176) -> 0.36067708 | H148: =AVERAGE('GRPO原始 0923'!F171:F176) -> 0.36067708 | I148: =AVERAGE('GRPO原始 0923'!F171:F176) -> 0.36067708 | J148: =C148-C7 -> 0.021875 | K148: =D148-D7 -> 0.018229167 | L148: =E148-E7 -> 0.018229167 | M148: =F148-F7 -> 0.018229167 | N148: =G148-G7 -> 0.018229167 | O148: =H148-H7 -> 0.018229167 | P148: =I148-I7 -> 0.018229167
A149: exp-t05 | B149: 7 | C149: =AVERAGE('GRPO原始 0923'!F173:F177) -> 0.371875 | D149: =AVERAGE('GRPO原始 0923'!F171:F177) -> 0.36049107 | E149: =AVERAGE('GRPO原始 0923'!F171:F177) -> 0.36049107 | F149: =AVERAGE('GRPO原始 0923'!F171:F177) -> 0.36049107 | G149: =AVERAGE('GRPO原始 0923'!F171:F177) -> 0.36049107 | H149: =AVERAGE('GRPO原始 0923'!F171:F177) -> 0.36049107 | I149: =AVERAGE('GRPO原始 0923'!F171:F177) -> 0.36049107 | J149: =C149-C8 -> 0.0125 | K149: =D149-D8 -> 0.012276786 | L149: =E149-E8 -> 0.012276786 | M149: =F149-F8 -> 0.012276786 | N149: =G149-G8 -> 0.012276786 | O149: =H149-H8 -> 0.012276786 | P149: =I149-I8 -> 0.012276786
A150: exp-t05 | B150: 8 | C150: =AVERAGE('GRPO原始 0923'!F174:F178) -> 0.3671875 | D150: =AVERAGE('GRPO原始 0923'!F171:F178) -> 0.35839844 | E150: =AVERAGE('GRPO原始 0923'!F171:F178) -> 0.35839844 | F150: =AVERAGE('GRPO原始 0923'!F171:F178) -> 0.35839844 | G150: =AVERAGE('GRPO原始 0923'!F171:F178) -> 0.35839844 | H150: =AVERAGE('GRPO原始 0923'!F171:F178) -> 0.35839844 | I150: =AVERAGE('GRPO原始 0923'!F171:F178) -> 0.35839844 | J150: =C150-C9 -> 0.0046875 | K150: =D150-D9 -> 0.014648438 | L150: =E150-E9 -> 0.014648438 | M150: =F150-F9 -> 0.014648438 | N150: =G150-G9 -> 0.014648438 | O150: =H150-H9 -> 0.014648438 | P150: =I150-I9 -> 0.014648438
A151: exp-t05 | B151: 9 | C151: =AVERAGE('GRPO原始 0923'!F175:F179) -> 0.3515625 | D151: =AVERAGE('GRPO原始 0923'!F171:F179) -> 0.35243056 | E151: =AVERAGE('GRPO原始 0923'!F171:F179) -> 0.35243056 | F151: =AVERAGE('GRPO原始 0923'!F171:F179) -> 0.35243056 | G151: =AVERAGE('GRPO原始 0923'!F171:F179) -> 0.35243056 | H151: =AVERAGE('GRPO原始 0923'!F171:F179) -> 0.35243056 | I151: =AVERAGE('GRPO原始 0923'!F171:F179) -> 0.35243056 | J151: =C151-C10 -> -0.0234375 | K151: =D151-D10 -> -0.00086805556 | L151: =E151-E10 -> -0.00086805556 | M151: =F151-F10 -> -0.00086805556 | N151: =G151-G10 -> -0.00086805556 | O151: =H151-H10 -> -0.00086805556 | P151: =I151-I10 -> -0.00086805556
A152: exp-t05 | B152: 10 | C152: =AVERAGE('GRPO原始 0923'!F176:F180) -> 0.3484375 | D152: =AVERAGE('GRPO原始 0923'!F171:F180) -> 0.3625 | E152: =AVERAGE('GRPO原始 0923'!F171:F180) -> 0.3625 | F152: =AVERAGE('GRPO原始 0923'!F171:F180) -> 0.3625 | G152: =AVERAGE('GRPO原始 0923'!F171:F180) -> 0.3625 | H152: =AVERAGE('GRPO原始 0923'!F171:F180) -> 0.3625 | I152: =AVERAGE('GRPO原始 0923'!F171:F180) -> 0.3625 | J152: =C152-C11 -> -0.015625 | K152: =D152-D11 -> 0.00546875 | L152: =E152-E11 -> 0.00546875 | M152: =F152-F11 -> 0.00546875 | N152: =G152-G11 -> 0.00546875 | O152: =H152-H11 -> 0.00546875 | P152: =I152-I11 -> 0.00546875
A153: exp-t05 | B153: 11 | C153: =AVERAGE('GRPO原始 0923'!F177:F181) -> 0.375 | D153: =AVERAGE('GRPO原始 0923'!F172:F181) -> 0.3734375 | E153: =AVERAGE('GRPO原始 0923'!F171:F181) -> 0.3671875 | F153: =AVERAGE('GRPO原始 0923'!F171:F181) -> 0.3671875 | G153: =AVERAGE('GRPO原始 0923'!F171:F181) -> 0.3671875 | H153: =AVERAGE('GRPO原始 0923'!F171:F181) -> 0.3671875 | I153: =AVERAGE('GRPO原始 0923'!F171:F181) -> 0.3671875 | J153: =C153-C12 -> 0.00625 | K153: =D153-D12 -> 0.0140625 | L153: =E153-E12 -> 0.012784091 | M153: =F153-F12 -> 0.012784091 | N153: =G153-G12 -> 0.012784091 | O153: =H153-H12 -> 0.012784091 | P153: =I153-I12 -> 0.012784091
A154: exp-t05 | B154: 12 | C154: =AVERAGE('GRPO原始 0923'!F178:F182) -> 0.3953125 | D154: =AVERAGE('GRPO原始 0923'!F173:F182) -> 0.38359375 | E154: =AVERAGE('GRPO原始 0923'!F171:F182) -> 0.375 | F154: =AVERAGE('GRPO原始 0923'!F171:F182) -> 0.375 | G154: =AVERAGE('GRPO原始 0923'!F171:F182) -> 0.375 | H154: =AVERAGE('GRPO原始 0923'!F171:F182) -> 0.375 | I154: =AVERAGE('GRPO原始 0923'!F171:F182) -> 0.375 | J154: =C154-C13 -> 0.0125 | K154: =D154-D13 -> 0.0125 | L154: =E154-E13 -> 0.012369792 | M154: =F154-F13 -> 0.012369792 | N154: =G154-G13 -> 0.012369792 | O154: =H154-H13 -> 0.012369792 | P154: =I154-I13 -> 0.012369792
A155: exp-t05 | B155: 13 | C155: =AVERAGE('GRPO原始 0923'!F179:F183) -> 0.4234375 | D155: =AVERAGE('GRPO原始 0923'!F174:F183) -> 0.3953125 | E155: =AVERAGE('GRPO原始 0923'!F171:F183) -> 0.38341346 | F155: =AVERAGE('GRPO原始 0923'!F171:F183) -> 0.38341346 | G155: =AVERAGE('GRPO原始 0923'!F171:F183) -> 0.38341346 | H155: =AVERAGE('GRPO原始 0923'!F171:F183) -> 0.38341346 | I155: =AVERAGE('GRPO原始 0923'!F171:F183) -> 0.38341346 | J155: =C155-C14 -> 0.00625 | K155: =D155-D14 -> 0.00546875 | L155: =E155-E14 -> 0.011418269 | M155: =F155-F14 -> 0.011418269 | N155: =G155-G14 -> 0.011418269 | O155: =H155-H14 -> 0.011418269 | P155: =I155-I14 -> 0.011418269
A156: exp-t05 | B156: 14 | C156: =AVERAGE('GRPO原始 0923'!F180:F184) -> 0.465625 | D156: =AVERAGE('GRPO原始 0923'!F175:F184) -> 0.40859375 | E156: =AVERAGE('GRPO原始 0923'!F171:F184) -> 0.39285714 | F156: =AVERAGE('GRPO原始 0923'!F171:F184) -> 0.39285714 | G156: =AVERAGE('GRPO原始 0923'!F171:F184) -> 0.39285714 | H156: =AVERAGE('GRPO原始 0923'!F171:F184) -> 0.39285714 | I156: =AVERAGE('GRPO原始 0923'!F171:F184) -> 0.39285714 | J156: =C156-C15 -> 0.0484375 | K156: =D156-D15 -> 0.0125 | L156: =E156-E15 -> 0.016741071 | M156: =F156-F15 -> 0.016741071 | N156: =G156-G15 -> 0.016741071 | O156: =H156-H15 -> 0.016741071 | P156: =I156-I15 -> 0.016741071
A157: exp-t05 | B157: 15 | C157: =AVERAGE('GRPO原始 0923'!F181:F185) -> 0.453125 | D157: =AVERAGE('GRPO原始 0923'!F176:F185) -> 0.40078125 | E157: =AVERAGE('GRPO原始 0923'!F171:F185) -> 0.39270833 | F157: =AVERAGE('GRPO原始 0923'!F171:F185) -> 0.39270833 | G157: =AVERAGE('GRPO原始 0923'!F171:F185) -> 0.39270833 | H157: =AVERAGE('GRPO原始 0923'!F171:F185) -> 0.39270833 | I157: =AVERAGE('GRPO原始 0923'!F171:F185) -> 0.39270833 | J157: =C157-C16 -> 0.0546875 | K157: =D157-D16 -> 0.01953125 | L157: =E157-E16 -> 0.021875 | M157: =F157-F16 -> 0.021875 | N157: =G157-G16 -> 0.021875 | O157: =H157-H16 -> 0.021875 | P157: =I157-I16 -> 0.021875
